gbifID,eventDate,year,stateProvince,species,occurrenceID,region_code,geoc_maj,cl_pent,dep_sur,cl_drai,cl_haut,type_couv,origine,an_origine,perturb,an_perturb,ty_couv_et,densite,cl_age_et,tree_cover,richness_index,shannon_index
4872556578,2023-08-21T14:17:56,2023.0,Québec,Apioperdon pyriforme,https://www.inaturalist.org/observations/179573669,21E,"-268188,05+160327,11",C,1AY,30.0,2,M,,,,,MF,85.0,50,"{'EO': 0.4, 'ES': 0.1, 'FI': 0.1, 'EB': 0.3, 'SB': 0.1}",5,1.4184836619456564
4872165606,2024-03-03T13:59,2024.0,Québec,Apioperdon pyriforme,https://www.inaturalist.org/observations/201330981,21E,"-265049,74+160005,89",D,1AM,20.0,1,F,,,,,F,95.0,VIN,"{'ES': 0.6, 'FT': 0.2, 'HG': 0.1, 'TA': 0.1}",4,1.0888999753452235
4872064266,2023-09-01T18:15:27,2023.0,Québec,Apioperdon pyriforme,https://www.inaturalist.org/observations/181271479,21E,"-207308,83+205976,57",B,1A,30.0,2,F,,,,,F,75.0,VIN,"{'ES': 0.4, 'BJ': 0.2, 'EO': 0.2, 'FT': 0.1, 'PE': 0.1}",5,1.4708084763221112
4431130164,2023-10-16T16:58:30,2023.0,Québec,Apioperdon pyriforme,https://www.inaturalist.org/observations/187912336,21E,"-267727,22+153529,76",D,1AM,20.0,2,F,,,,,F,85.0,JIN,"{'EO': 0.3, 'ES': 0.2, 'FR': 0.2, 'FI': 0.1, 'FT': 0.1, 'HG': 0.1}",6,1.6957425341696346
4111674187,2023-04-27T12:25,2023.0,Québec,Apioperdon pyriforme,https://www.inaturalist.org/observations/159675117,21E,"-255730,11+155926,81",A,2A,40.0,6,F,CT,2000.0,,,F,,10,{},0,-0.0
4062585473,2022-09-05T14:46:10,2022.0,Québec,Apioperdon pyriforme,https://www.inaturalist.org/observations/133850718,21E,"-252815,78+177247,84",D,1AY,31.0,1,F,,,,,F,85.0,VIN,"{'ES': 0.7, 'EO': 0.1, 'FT': 0.1, 'HG': 0.1}",4,0.9404479886553263
3399130967,2021-10-10T12:34:34,2021.0,Québec,Apioperdon pyriforme,https://www.inaturalist.org/observations/97829693,21E,"-271253,08+151416,77",D,1AY,30.0,1,F,,,,,F,95.0,JIN,"{'ES': 0.6, 'FR': 0.2, 'FT': 0.1, 'PE': 0.1}",4,1.0888999753452235
2576440968,2019-09-17T18:42:09,2019.0,Québec,Apioperdon pyriforme,https://www.inaturalist.org/observations/32918314,21E,"-270770,14+138443,89",D,2A,20.0,3,R,,,,,R,85.0,JIN,"{'TO': 0.6, 'EB': 0.3, 'FX': 0.1}",3,0.8979457248567797
4952767992,2024-09-21T11:52:46,2024.0,Québec,Apioperdon pyriforme,https://www.inaturalist.org/observations/243890448,21L,"-219068,52+312091,34",A,5A,40.0,3,R,P,,,,R,45.0,30,{'RZ': 1.0},1,-0.0
4945466989,2024-09-01T14:29:05,2024.0,Québec,Apioperdon pyriforme,https://www.inaturalist.org/observations/239708077,21L,"-203968,71+312213,53",C,8AM,20.0,1,F,,,,,F,85.0,VIN,"{'ES': 0.5, 'FT': 0.2, 'HG': 0.2, 'CR': 0.1}",4,1.2206072645530173
4872569928,2023-10-11T14:00:21,2023.0,Québec,Apioperdon pyriforme,https://www.inaturalist.org/observations/187144609,21L,"-199477,39+318546,30",C,6S,30.0,2,M,,,,,MF,65.0,JIN,"{'EO': 0.3, 'ES': 0.2, 'BP': 0.1, 'FX': 0.1, 'PR': 0.1, 'RX': 0.1, 'SB': 0.1}",7,1.8343719702816235
4872452382,2023-10-09T13:58:14,2023.0,Québec,Apioperdon pyriforme,https://www.inaturalist.org/observations/186943057,21L,"-212076,56+330560,41",D,1A,30.0,2,F,,,,,F,75.0,VIN,"{'BJ': 0.3, 'EO': 0.2, 'ES': 0.1, 'FI': 0.1, 'HG': 0.1, 'SE': 0.2}",6,1.6957425341696346
4500478777,2007-09-23T10:47,2007.0,Québec,Apioperdon pyriforme,https://www.inaturalist.org/observations/118935000,21L,"-211357,37+330518,96",C,1AY,30.0,2,F,,,,,F,85.0,VIN,"{'ES': 0.5, 'EO': 0.2, 'HG': 0.2, 'BJ': 0.1}",4,1.2206072645530173
4465448949,2023-10-02,2023.0,Québec,Apioperdon pyriforme,https://www.inaturalist.org/observations/193295139,21L,"-206427,57+328198,13",D,1A,30.0,2,F,,,CP,,F,55.0,VIN,"{'ES': 0.3, 'HG': 0.3, 'EO': 0.2, 'BJ': 0.1, 'SE': 0.1}",5,1.5047882836811908
4407689577,2023-09-03T10:26,2023.0,Québec,Apioperdon pyriforme,https://www.inaturalist.org/observations/181910379,21L,"-215323,09+311163,77",A,5S,20.0,1,F,,,,,F,85.0,VIN,"{'ES': 0.4, 'FT': 0.3, 'EO': 0.2, 'RX': 0.1}",4,1.2798542258336674
4165428926,2023-07-17T18:30:17,2023.0,Québec,Apioperdon pyriforme,https://www.inaturalist.org/observations/173691102,21L,"-220218,22+309577,06",A,5S,20.0,2,F,,,,,F,85.0,JIN,"{'EO': 0.4, 'ES': 0.2, 'FT': 0.2, 'EB': 0.1, 'PB': 0.1}",5,1.4708084763221112
4129735436,2022-09-03T13:39,2022.0,Québec,Apioperdon pyriforme,https://www.inaturalist.org/observations/133869923,21L,"-227589,13+322374,70",C,1A,30.0,2,M,,,,,MR,75.0,70,"{'SB': 0.6, 'EU': 0.1, 'EO': 0.2, 'BP': 0.1}",4,1.0888999753452235
4111767396,2022-09-19T22:44,2022.0,Québec,Apioperdon pyriforme,https://www.inaturalist.org/observations/135995648,21L,"-215323,09+311163,77",A,5S,20.0,1,F,,,,,F,85.0,VIN,"{'ES': 0.4, 'FT': 0.3, 'EO': 0.2, 'RX': 0.1}",4,1.2798542258336674
4080609549,2022-09-01T14:35:36,2022.0,Québec,Apioperdon pyriforme,https://www.inaturalist.org/observations/152143868,21L,"-150083,10+294014,70",D,1A,30.0,2,M,,,,,MR,75.0,VIN,"{'EB': 0.3, 'SB': 0.3, 'BJ': 0.2, 'BP': 0.1, 'ES': 0.1}",5,1.5047882836811908
4063112529,2022-09-29,2022.0,Québec,Apioperdon pyriforme,https://www.inaturalist.org/observations/141537950,21L,"-206692,86+327895,50",C,1A,30.0,3,M,,,,,MF,85.0,JIN,"{'EO': 0.3, 'BJ': 0.1, 'ES': 0.1, 'HG': 0.1, 'EP': 0.2, 'SB': 0.2}",6,1.6957425341696346
4062863530,2022-09-29,2022.0,Québec,Apioperdon pyriforme,https://www.inaturalist.org/observations/141537905,21L,"-206561,11+327874,70",C,1A,30.0,1,F,,,,,F,75.0,VIN,"{'HG': 0.5, 'EO': 0.2, 'ES': 0.2, 'SB': 0.1}",4,1.2206072645530173
4062677520,2022-10-28,2022.0,Québec,Apioperdon pyriforme,https://www.inaturalist.org/observations/141072767,21L,"-207877,96+328379,51",C,1A,30.0,1,F,,,CP,,F,75.0,VIN,"{'ES': 0.6, 'HG': 0.2, 'BJ': 0.1, 'EO': 0.1}",4,1.0888999753452235
4062541503,2022-09-24T14:34:59,2022.0,Québec,Apioperdon pyriforme,https://www.inaturalist.org/observations/136371750,21L,"-209984,00+328364,11",C,1A,30.0,2,M,,,,,MF,85.0,VIN,"{'EO': 0.4, 'BJ': 0.2, 'SB': 0.2, 'EB': 0.1, 'EP': 0.1}",5,1.4708084763221112
3994301919,2022-09-06,2022.0,Québec,Apioperdon pyriforme,https://www.inaturalist.org/observations/144007731,21L,"-216472,58+314598,42",A,5A,40.0,2,F,,,,,F,75.0,VIN,"{'EO': 0.5, 'BJ': 0.2, 'ES': 0.1, 'PB': 0.1, 'SE': 0.1}",5,1.3592367006650063
3985724393,2020-09-05T18:26:06,2020.0,Québec,Apioperdon pyriforme,https://www.inaturalist.org/observations/58865428,21L,"-170437,45+237946,79",B,1A,30.0,2,M,,,,,MR,75.0,JIN,"{'EB': 0.4, 'PB': 0.1, 'SB': 0.1, 'BP': 0.2, 'PE': 0.2}",5,1.4708084763221114
3773028363,2020-08-31T21:36:52Z,2020.0,Québec,Apioperdon pyriforme,https://www.inaturalist.org/observations/58187569,21L,"-202133,95+326496,55",A,5S,20.0,1,M,,,,,MF,85.0,VIN,"{'EO': 0.2, 'PE': 0.2, 'BJ': 0.1, 'FT': 0.1, 'EB': 0.2, 'PI': 0.1, 'PU': 0.1}",7,1.8866967846580784
3384011170,2021-09-16T09:53:01,2021.0,Québec,Apioperdon pyriforme,https://www.inaturalist.org/observations/95031420,21L,"-220540,91+305598,33",D,5S,30.0,2,F,,,CP,,F,75.0,JIN,"{'ES': 0.3, 'CR': 0.2, 'EO': 0.1, 'FI': 0.1, 'FR': 0.1, 'HG': 0.1, 'PB': 0.1}",7,1.8343719702816235
3013923528,2020-09-16T14:58:46,2020.0,Québec,Apioperdon pyriforme,https://www.inaturalist.org/observations/59804036,21L,"-221536,63+309636,85",A,5S,40.0,3,M,,,,,MF,75.0,JIN,"{'EO': 0.3, 'BJ': 0.2, 'FO': 0.2, 'PU': 0.1, 'RX': 0.1, 'SB': 0.1}",6,1.6957425341696346
2576264088,2019-09-20T10:29:17,2019.0,Québec,Apioperdon pyriforme,https://www.inaturalist.org/observations/33095253,21L,"-201295,71+325557,32",B,5S,20.0,1,F,,,,,F,75.0,VIN,"{'ES': 0.6, 'FT': 0.2, 'EO': 0.1, 'PE': 0.1}",4,1.0888999753452235
2574018997,2018-09-17,2018.0,Québec,Apioperdon pyriforme,https://www.inaturalist.org/observations/38293252,21L,"-207874,38+330102,72",D,1A,30.0,3,M,,,,,MF,75.0,50,"{'BJ': 0.3, 'EO': 0.2, 'BP': 0.1, 'SB': 0.3, 'EP': 0.1}",5,1.5047882836811908
2563616612,2018-09-26,2018.0,Québec,Apioperdon pyriforme,https://www.inaturalist.org/observations/38025089,21L,"-216319,81+319838,06",A,5A,30.0,4,F,P,,,,F,75.0,30,"{'FZ': 0.7, 'FT': 0.2, 'BP': 0.1}",3,0.8018185525433372
1701210968,2003-08-29,2003.0,Québec,Apioperdon pyriforme,928e412e-fc07-42a6-b5ff-ea58cd6a5f8b,21L,"-220780,40+314293,83",A,5S,30.0,3,F,,,,,F,85.0,30,"{'BP': 0.4, 'BG': 0.2, 'PE': 0.2, 'EO': 0.1, 'FN': 0.1}",5,1.4708084763221112
1135071426,2007-09-05,2007.0,Québec,Apioperdon pyriforme,CMMF009924,21L,"-211501,42+332165,97",C,1A,30.0,2,F,,,,,F,75.0,JIN,"{'ES': 0.4, 'HG': 0.2, 'BJ': 0.1, 'EO': 0.1, 'FI': 0.1, 'RX': 0.1}",6,1.6094379124341
1135071293,2007-08-21,2007.0,Québec,Apioperdon pyriforme,CMMF009808,21L,"-214060,31+322843,05",A,5A,40.0,3,M,,,,,MF,35.0,JIN,"{'PE': 0.3, 'FN': 0.2, 'FO': 0.2, 'SB': 0.2, 'RX': 0.1}",5,1.5571130980576458
1135070562,2006-09-02,2006.0,Québec,Apioperdon pyriforme,CMMF009104,21L,"-209449,67+328601,31",B,1A,30.0,3,F,,,,,F,85.0,50,"{'BJ': 0.3, 'ES': 0.2, 'FT': 0.2, 'FI': 0.1, 'EB': 0.1, 'SB': 0.1}",6,1.6957425341696346
1135070505,2006-08-29,2006.0,Québec,Apioperdon pyriforme,CMMF009060,21L,"-211501,42+332165,97",C,1A,30.0,2,F,,,,,F,75.0,JIN,"{'ES': 0.4, 'HG': 0.2, 'BJ': 0.1, 'EO': 0.1, 'FI': 0.1, 'RX': 0.1}",6,1.6094379124341
1135066686,2007-09-22,2007.0,Québec,Apioperdon pyriforme,CMMF010097,21L,"-212896,42+333890,27",C,1A,30.0,3,M,,,,,MF,75.0,JIN,"{'EO': 0.3, 'BP': 0.1, 'FT': 0.1, 'PE': 0.1, 'SB': 0.3, 'EP': 0.1}",6,1.6434177197931796
4872286482,2023-08-27T09:21,2023.0,Québec,Apioperdon pyriforme,https://www.inaturalist.org/observations/180538488,21M,"-218694,50+361387,79",F,1A,20.0,1,F,,,,,F,85.0,VIN,"{'BJ': 0.6, 'ES': 0.4}",2,0.6730116670092565
4872145783,2023-09-02T18:12,2023.0,Québec,Apioperdon pyriforme,https://www.inaturalist.org/observations/181548211,21M,"-169128,75+350247,78",F,1AY,30.0,2,M,,,,,MF,75.0,VIN,"{'BJ': 0.4, 'ES': 0.2, 'EO': 0.1, 'SB': 0.2, 'EB': 0.1}",5,1.4708084763221112
4405434213,2023-08-26T16:08:26,2023.0,Québec,Apioperdon pyriforme,https://www.inaturalist.org/observations/180682374,21M,"-167934,12+426368,84",D,1AY,30.0,4,R,,,,,R,75.0,50,"{'EN': 0.8, 'SB': 0.2}",2,0.5004024235381879
4399943981,2023-08-15T18:25:41,2023.0,Québec,Apioperdon pyriforme,https://www.inaturalist.org/observations/178667913,21M,"-139408,95+412177,13",A,2BE,40.0,3,R,,,,,R,75.0,70,"{'EP': 0.9, 'ML': 0.1}",2,0.3250829733914482
4129770505,2023-04-07T11:37:03,2023.0,Québec,Apioperdon pyriforme,https://www.inaturalist.org/observations/154101920,21M,"-257496,12+348135,64",D,2BE,20.0,2,F,,,,,F,85.0,VIN,"{'ES': 0.6, 'BJ': 0.3, 'HG': 0.1}",3,0.8979457248567797
4063100344,2018-08-29T06:47:53,2018.0,Québec,Apioperdon pyriforme,https://www.inaturalist.org/observations/55350438,21M,"-219323,43+342876,34",D,1A,30.0,4,M,,,,,MF,95.0,30,"{'BP': 0.3, 'BJ': 0.2, 'FN': 0.1, 'SB': 0.3, 'EB': 0.1}",5,1.5047882836811908
4062863350,2020-09-15T15:56,2020.0,Québec,Apioperdon pyriforme,https://www.inaturalist.org/observations/59726432,21M,"-183702,12+344357,70",D,1AY,20.0,1,F,,,,,F,75.0,VIN,"{'HG': 0.5, 'ES': 0.4, 'EO': 0.1}",3,0.9433483923290391
3986075803,2022-09-29T13:40:38,2022.0,Québec,Apioperdon pyriforme,https://www.inaturalist.org/observations/136959136,21M,"-150724,66+385289,05",A,3AN,50.0,2,M,,,,,MF,75.0,VIN,"{'FH': 0.2, 'FN': 0.2, 'PA': 0.2, 'EN': 0.3, 'SB': 0.1}",5,1.5571130980576455
3915567279,2022-09-23T13:25:52,2022.0,Québec,Apioperdon pyriforme,https://www.inaturalist.org/observations/136524722,21M,"-219437,37+363621,99",S,2AK,20.0,1,F,,,,,F,85.0,VIN,"{'ES': 0.7, 'BJ': 0.3}",2,0.6108643020548935
3384375561,2021-09-19T13:18:34,2021.0,Québec,Apioperdon pyriforme,https://www.inaturalist.org/observations/95422866,21M,"-150724,66+385289,05",A,3AN,50.0,2,M,,,,,MF,75.0,VIN,"{'FH': 0.2, 'FN': 0.2, 'PA': 0.2, 'EN': 0.3, 'SB': 0.1}",5,1.5571130980576455
2580257230,2019-09-18,2019.0,Québec,Apioperdon pyriforme,https://www.inaturalist.org/observations/37944888,21M,"-199551,28+373018,20",C,2BE,30.0,3,R,,,EC,1995.0,R,55.0,70,"{'SB': 0.8, 'EB': 0.1, 'EN': 0.1}",3,0.639031859650177
2580138988,2019-09-18,2019.0,Québec,Apioperdon pyriforme,https://www.inaturalist.org/observations/37945013,21M,"-199551,28+373018,20",C,2BE,30.0,3,R,,,EC,1995.0,R,55.0,70,"{'SB': 0.8, 'EB': 0.1, 'EN': 0.1}",3,0.639031859650177
2579334797,2019-10-10T14:50:15,2019.0,Québec,Apioperdon pyriforme,https://www.inaturalist.org/observations/34274030,21M,"-222409,04+351933,28",D,1A,20.0,2,F,,,,,F,75.0,VIN,"{'BJ': 0.8, 'ES': 0.1, 'SE': 0.1}",3,0.639031859650177
1412707372,1983-08-27,1983.0,Québec,Apioperdon pyriforme,CMMF015793,21M,"-233561,80+430716,00",C,1A,30.0,4,R,ES,1985.0,,,R,75.0,30,"{'SB': 0.7, 'EB': 0.2, 'EN': 0.1}",3,0.8018185525433372
4506506800,2023-12-25T10:48:27,2023.0,Québec,Apioperdon pyriforme,https://www.inaturalist.org/observations/194828208,22C,"+26604,77+514333,73",A,6S,30.0,4,F,CT,2000.0,,,F,85.0,30,"{'PE': 0.9, 'BP': 0.1}",2,0.3250829733914482
4976508746,2024-10-26T12:16:03,2024.0,Québec,Apioperdon pyriforme,https://www.inaturalist.org/observations/249203640,31F,"-644068,15+250428,91",F,R1A,20.0,1,M,,,,,R,65.0,120,{'PB': 1.0},1,-0.0
4946208588,2024-08-30T14:36,2024.0,Québec,Apioperdon pyriforme,https://www.inaturalist.org/observations/240231534,31F,"-614828,28+242752,92",D,2BE,20.0,1,M,,,CHP,,MM,65.0,90,"{'PB': 0.4, 'SE': 0.1, 'PE': 0.3, 'ER': 0.1, 'FT': 0.1}",5,1.4184836619456564
4607489442,2023-09-27T11:35,2023.0,Québec,Apioperdon pyriforme,https://www.inaturalist.org/observations/204945723,31F,"-614828,28+242752,92",D,2BE,20.0,1,M,,,CHP,,MM,65.0,90,"{'PB': 0.4, 'SE': 0.1, 'PE': 0.3, 'ER': 0.1, 'FT': 0.1}",5,1.4184836619456564
4430643409,2023-10-13T13:24,2023.0,Québec,Apioperdon pyriforme,https://www.inaturalist.org/observations/187631483,31F,"-614828,28+242752,92",D,2BE,20.0,1,M,,,CHP,,MM,65.0,90,"{'PB': 0.4, 'SE': 0.1, 'PE': 0.3, 'ER': 0.1, 'FT': 0.1}",5,1.4184836619456564
4137716439,2022-10-02T16:04:41,2022.0,Québec,Apioperdon pyriforme,https://www.inaturalist.org/observations/137370742,31F,"-612455,43+231764,48",D,2BE,20.0,1,R,,,,,R,75.0,VIN,"{'EB': 0.3, 'PB': 0.3, 'SB': 0.2, 'ER': 0.1, 'FT': 0.1}",5,1.5047882836811908
4129884385,2022-10-02T16:04:24,2022.0,Québec,Apioperdon pyriforme,https://www.inaturalist.org/observations/140393626,31F,"-612455,43+231764,48",D,2BE,20.0,1,R,,,,,R,75.0,VIN,"{'EB': 0.3, 'PB': 0.3, 'SB': 0.2, 'ER': 0.1, 'FT': 0.1}",5,1.5047882836811908
4096869146,2023-04-21T13:08:17,2023.0,Québec,Apioperdon pyriforme,https://www.inaturalist.org/observations/155991630,31F,"-584769,18+211146,61",D,1AM,20.0,1,F,,,,,F,95.0,VIN,"{'CR': 0.5, 'ES': 0.4, 'FT': 0.1}",3,0.9433483923290391
3947716310,2022-10-09T11:15,2022.0,Québec,Apioperdon pyriforme,https://www.inaturalist.org/observations/138667917,31F,"-616247,51+252508,79",D,1AM,20.0,1,F,,,CJG,2011.0,F,75.0,VIN,"{'CR': 0.7, 'ER': 0.2, 'FT': 0.1}",3,0.8018185525433372
3772709536,2022-04-17T13:49:02,2022.0,Québec,Apioperdon pyriforme,https://www.inaturalist.org/observations/111822241,31F,"-590668,10+230071,53",D,R1A,20.0,2,F,,,,,F,95.0,VIN,"{'ES': 0.5, 'CR': 0.3, 'FT': 0.1, 'HG': 0.1}",4,1.1682824501765625
3456862583,2021-08-10T10:09,2021.0,Québec,Apioperdon pyriforme,https://www.inaturalist.org/observations/104728044,31F,"-615825,98+250939,77",C,1A,30.0,3,F,,,,,F,95.0,30,"{'PE': 0.6, 'BP': 0.2, 'ER': 0.1, 'SE': 0.1}",4,1.0888999753452235
2868333510,2020-09-06T15:40:02,2020.0,Québec,Apioperdon pyriforme,https://www.inaturalist.org/observations/58797987,31F,"-611821,12+232095,82",B,2BE,20.0,1,M,,,CP,,MF,65.0,JIN,"{'PE': 0.3, 'BP': 0.1, 'ER': 0.1, 'FT': 0.1, 'PB': 0.2, 'PR': 0.1, 'SE': 0.1}",7,1.8343719702816235
2620032470,2019-09-18T13:51,2019.0,Québec,Apioperdon pyriforme,https://www.inaturalist.org/observations/43536031,31F,"-592300,24+208174,89",B,1AY,30.0,1,F,,,,,F,75.0,VIN,"{'EO': 0.4, 'CR': 0.3, 'FI': 0.1, 'FT': 0.1, 'RX': 0.1}",5,1.4184836619456564
2576291181,2019-09-18T13:50,2019.0,Québec,Apioperdon pyriforme,https://www.inaturalist.org/observations/33044971,31F,"-592300,24+208174,89",B,1AY,30.0,1,F,,,,,F,75.0,VIN,"{'EO': 0.4, 'CR': 0.3, 'FI': 0.1, 'FT': 0.1, 'RX': 0.1}",5,1.4184836619456564
1412705098,1952-08,1952.0,Québec,Apioperdon pyriforme,CMMF013565,31F,"-592539,87+245793,73",A,2BE,20.0,3,M,,,,,MR,65.0,JIN,"{'EB': 0.4, 'SB': 0.1, 'TO': 0.1, 'FO': 0.2, 'PE': 0.2}",5,1.4708084763221114
617554952,1989-07-21,1989.0,Québec,Apioperdon pyriforme,CMMF000591,31G,"-433649,65+201698,55",A,5S,40.0,3,F,,,,,F,35.0,30,"{'EO': 0.3, 'FI': 0.2, 'FT': 0.2, 'BJ': 0.1, 'ES': 0.1, 'FH': 0.1}",6,1.6957425341696346
4950598615,2024-09-16T12:54:33,2024.0,Québec,Apioperdon pyriforme,https://www.inaturalist.org/observations/242481149,31G,"-574814,29+197873,69",D,1AM,20.0,1,F,,,,,F,95.0,VIN,"{'ES': 0.5, 'CR': 0.2, 'FT': 0.1, 'HG': 0.1, 'TA': 0.1}",5,1.3592367006650063
4950433253,2024-09-24T11:21:29,2024.0,Québec,Apioperdon pyriforme,https://www.inaturalist.org/observations/243867124,31G,"-472148,16+210534,04",D,1AY,31.0,2,F,,,,,F,85.0,JIN,"{'ES': 0.5, 'EO': 0.2, 'BP': 0.1, 'FR': 0.1, 'FT': 0.1}",5,1.3592367006650063
4946430331,2024-09-15T16:08:28,2024.0,Québec,Apioperdon pyriforme,https://www.inaturalist.org/observations/242011500,31G,"-567243,47+223059,14",D,1A,30.0,2,F,,,CP,,F,65.0,JIN,"{'ES': 0.5, 'BP': 0.2, 'FR': 0.1, 'HG': 0.1, 'RX': 0.1}",5,1.3592367006650063
4946312401,2024-09-12T17:00:03,2024.0,Québec,Apioperdon pyriforme,https://www.inaturalist.org/observations/241351683,31G,"-558501,75+212373,27",D,R1A,20.0,2,R,,,,,R,95.0,JIN,"{'PU': 0.7, 'PI': 0.1, 'FI': 0.1, 'FT': 0.1}",4,0.9404479886553263
4936114727,2022-09-18T13:50:33,2022.0,Québec,Apioperdon pyriforme,https://www.inaturalist.org/observations/135556603,31G,"-580145,95+200559,17",D,R1A,20.0,2,F,,,,,F,75.0,VIN,"{'ES': 0.4, 'CR': 0.2, 'FT': 0.1, 'HG': 0.1, 'PB': 0.1, 'PU': 0.1}",6,1.6094379124341
4872637556,2023-09-17T13:17:28,2023.0,Québec,Apioperdon pyriforme,https://www.inaturalist.org/observations/183698089,31G,"-434461,96+197551,35",B,1A,30.0,1,F,,,,,F,95.0,VIN,"{'ES': 0.7, 'EO': 0.1, 'FT': 0.1, 'HG': 0.1}",4,0.9404479886553263
4872246764,2023-08-22T10:25:06,2023.0,Québec,Apioperdon pyriforme,https://www.inaturalist.org/observations/179697525,31G,"-562739,92+203042,10",A,1AY,30.0,1,M,,,CP,,MF,45.0,JIN,"{'EO': 0.2, 'ES': 0.2, 'PE': 0.2, 'FT': 0.1, 'PB': 0.2, 'SE': 0.1}",6,1.7480673485460894
4872245922,2023-06-07T13:32,2023.0,Québec,Apioperdon pyriforme,https://www.inaturalist.org/observations/198541452,31G,"-436892,94+181024,92",D,6S,20.0,1,M,,,,,MR,75.0,VIN,"{'PU': 0.4, 'PB': 0.2, 'RX': 0.1, 'BJ': 0.1, 'EO': 0.1, 'FT': 0.1}",6,1.6094379124341
4872062151,2022-05-20T17:38,2022.0,Québec,Apioperdon pyriforme,https://www.inaturalist.org/observations/198447258,31G,"-436646,87+180934,79",A,6S,30.0,1,F,,,,,F,95.0,VIN,"{'EO': 0.4, 'FT': 0.2, 'HG': 0.2, 'PB': 0.1, 'PU': 0.1}",5,1.4708084763221112
4872038713,2023-08-11T17:27:54,2023.0,Québec,Apioperdon pyriforme,https://www.inaturalist.org/observations/177892796,31G,"-558501,75+212373,27",D,R1A,20.0,2,R,,,,,R,95.0,JIN,"{'PU': 0.7, 'PI': 0.1, 'FI': 0.1, 'FT': 0.1}",4,0.9404479886553263
4599836482,2024-03-05T11:30,2024.0,Québec,Apioperdon pyriforme,https://www.inaturalist.org/observations/201748257,31G,"-514287,88+201284,61",A,3AN,40.0,1,F,,,,,F,85.0,JIN,"{'EA': 0.4, 'FR': 0.2, 'FT': 0.2, 'EO': 0.1, 'PE': 0.1}",5,1.4708084763221112
4507670274,2023-12-29T11:47,2023.0,Québec,Apioperdon pyriforme,https://www.inaturalist.org/observations/195204619,31G,"-573884,51+187570,77",A,5A,40.0,1,M,,,CP,,MF,85.0,VIN,"{'PE': 0.4, 'ER': 0.1, 'FX': 0.1, 'TO': 0.3, 'SE': 0.1}",5,1.4184836619456564
4507592532,2021-10-09T11:21:26,2021.0,Québec,Apioperdon pyriforme,https://www.inaturalist.org/observations/97775076,31G,"-456078,60+177003,94",A,1A,30.0,2,F,,,,,F,75.0,JIN,"{'FR': 0.6, 'EO': 0.2, 'PE': 0.2}",3,0.9502705392332347
4506231166,2023-10-02T17:27,2023.0,Québec,Apioperdon pyriforme,https://www.inaturalist.org/observations/186056595,31G,"-514350,50+201614,25",A,3AN,50.0,1,F,,,CP,,F,65.0,JIN,"{'PE': 0.5, 'EA': 0.2, 'EO': 0.1, 'FR': 0.1, 'FT': 0.1}",5,1.3592367006650063
4414390896,2023-09-18T16:33,2023.0,Québec,Apioperdon pyriforme,https://www.inaturalist.org/observations/183936844,31G,"-566063,99+213256,87",C,1A,40.0,1,M,,,CP,,MM,65.0,VIN,"{'SB': 0.3, 'EB': 0.2, 'PE': 0.3, 'BP': 0.1, 'ER': 0.1}",5,1.5047882836811908
4129750368,2022-09-06T09:03:08,2022.0,Québec,Apioperdon pyriforme,https://www.inaturalist.org/observations/133905200,31G,"-558215,78+212510,88",F,1AY,30.0,2,R,,,,,R,95.0,JIN,"{'PU': 0.7, 'PI': 0.1, 'FI': 0.1, 'FT': 0.1}",4,0.9404479886553263
4102926677,2023-04-30T11:21:55,2023.0,Québec,Apioperdon pyriforme,https://www.inaturalist.org/observations/159195309,31G,"-571633,61+184243,58",A,5S,30.0,1,F,,,CP,,F,45.0,VIN,"{'FH': 0.3, 'EO': 0.2, 'FT': 0.2, 'FI': 0.1, 'EB': 0.1, 'PR': 0.1}",6,1.6957425341696346
4102621437,2022-09-03T09:23:45,2022.0,Québec,Apioperdon pyriforme,https://www.inaturalist.org/observations/133457741,31G,"-558215,78+212510,88",F,1AY,30.0,2,R,,,,,R,95.0,JIN,"{'PU': 0.7, 'PI': 0.1, 'FI': 0.1, 'FT': 0.1}",4,0.9404479886553263
4063063441,2022-04-22T10:46:53,2022.0,Québec,Apioperdon pyriforme,https://www.inaturalist.org/observations/112509912,31G,"-583310,27+205815,69",F,R1A,20.0,2,R,,,,,R,85.0,90,"{'PU': 0.7, 'PB': 0.1, 'ER': 0.1, 'FX': 0.1}",4,0.9404479886553263
4062961342,2020-09-14T14:55,2020.0,Québec,Apioperdon pyriforme,https://www.inaturalist.org/observations/59927501,31G,"-584429,73+208532,27",D,1AM,20.0,2,F,,,,,F,95.0,VIN,"{'CR': 0.5, 'ES': 0.3, 'HG': 0.1, 'PB': 0.1}",4,1.1682824501765625
4062953529,2022-09-18T10:54:26,2022.0,Québec,Apioperdon pyriforme,https://www.inaturalist.org/observations/143808624,31G,"-465467,45+139152,04",B,1A,40.0,4,F,CPR,1987.0,,,F,25.0,30,"{'FR': 0.4, 'OR': 0.2, 'EO': 0.1, 'FN': 0.1, 'FT': 0.1, 'PE': 0.1}",6,1.6094379124341
4062914344,2020-09-19T13:31:53,2020.0,Québec,Apioperdon pyriforme,https://www.inaturalist.org/observations/60115006,31G,"-573285,64+196755,48",C,1AM,30.0,3,F,,,CP,,F,55.0,VIN,"{'ES': 0.5, 'CR': 0.1, 'FT': 0.1, 'HG': 0.1, 'PB': 0.1, 'PU': 0.1}",6,1.4978661367769952
4062636503,2022-09-30T12:06:55,2022.0,Québec,Apioperdon pyriforme,https://www.inaturalist.org/observations/137037726,31G,"-577944,40+206151,31",C,1AY,30.0,1,F,,,,,F,95.0,VIN,"{'CR': 0.4, 'ES': 0.3, 'FT': 0.1, 'HG': 0.1, 'TA': 0.1}",5,1.4184836619456564
4011578560,2022-09-03T11:26:35,2022.0,Québec,Apioperdon pyriforme,https://www.inaturalist.org/observations/133686433,31G,"-571450,76+246013,32",A,2A,20.0,1,R,,,CP,,R,65.0,VIN,"{'PB': 0.8, 'RX': 0.1, 'PE': 0.1}",3,0.639031859650177
3947525499,2022-10-15T12:00:19,2022.0,Québec,Apioperdon pyriforme,https://www.inaturalist.org/observations/138862544,31G,"-574872,82+201210,28",D,1AY,30.0,2,F,,,,,F,85.0,VIN,"{'ES': 0.5, 'FT': 0.2, 'CR': 0.1, 'HG': 0.1, 'RX': 0.1}",5,1.3592367006650063
3925198336,2022-10-08T16:44:33,2022.0,Québec,Apioperdon pyriforme,https://www.inaturalist.org/observations/138059207,31G,"-578163,76+197794,61",B,1AY,30.0,1,F,,,CP,,F,85.0,VIN,"{'ES': 0.4, 'CR': 0.1, 'FT': 0.1, 'HG': 0.1, 'TA': 0.1, 'PB': 0.2}",6,1.6094379124341003
3912315197,2022-09-14T11:54:22,2022.0,Québec,Apioperdon pyriforme,https://www.inaturalist.org/observations/135066277,31G,"-573527,13+196828,15",B,1AY,30.0,2,M,,,,,MR,75.0,VIN,"{'PU': 0.5, 'PB': 0.1, 'ER': 0.2, 'CR': 0.1, 'FT': 0.1}",5,1.3592367006650063
3902636452,2020-10-25T13:23:28,2020.0,Québec,Apioperdon pyriforme,https://www.inaturalist.org/observations/63567021,31G,"-583190,14+206785,02",C,1AY,30.0,2,F,,,,,F,95.0,JIN,"{'ES': 0.4, 'CR': 0.2, 'FT': 0.2, 'FI': 0.1, 'PU': 0.1}",5,1.4708084763221112
3772409578,2022-04-22T10:47:17,2022.0,Québec,Apioperdon pyriforme,https://www.inaturalist.org/observations/112453627,31G,"-578220,29+201271,06",D,R1A,20.0,2,F,,,,,F,75.0,VIN,"{'ES': 0.5, 'CR': 0.2, 'FT': 0.1, 'HG': 0.1, 'TA': 0.1}",5,1.3592367006650063
3499412361,2020-09-14T12:05,2020.0,Québec,Apioperdon pyriforme,https://www.inaturalist.org/observations/59927476,31G,"-583277,25+207481,89",D,1AY,30.0,1,F,,,,,F,85.0,VIN,"{'ES': 0.8, 'FT': 0.1, 'TA': 0.1}",3,0.639031859650177
3330492367,2020-10-18T14:45:32,2020.0,Québec,Apioperdon pyriforme,https://www.inaturalist.org/observations/62946644,31G,"-452270,58+180080,35",D,1AY,30.0,2,F,,,,,F,95.0,JIN,"{'CR': 0.7, 'ES': 0.2, 'FR': 0.1}",3,0.8018185525433372
3109217414,2020-09-04T11:25:36,2020.0,Québec,Apioperdon pyriforme,https://www.inaturalist.org/observations/58511221,31G,"-578754,27+208235,93",D,R1A,20.0,2,M,,,,,MF,85.0,VIN,"{'ES': 0.3, 'FT': 0.2, 'CR': 0.1, 'FI': 0.1, 'PU': 0.2, 'RX': 0.1}",6,1.6957425341696346
3097268521,2021-04-02T14:24:14,2021.0,Québec,Apioperdon pyriforme,https://www.inaturalist.org/observations/72707213,31G,"-502531,06+224083,18",A,2BE,20.0,3,F,,,,,F,75.0,30,"{'PE': 0.5, 'BP': 0.2, 'EO': 0.1, 'RX': 0.1, 'SB': 0.1}",5,1.3592367006650063
3031820137,2020-12-07T16:08:50,2020.0,Québec,Apioperdon pyriforme,https://www.inaturalist.org/observations/66264243,31G,"-571508,27+196537,21",D,1AM,20.0,2,F,,,,,F,85.0,VIN,"{'ES': 0.5, 'CR': 0.2, 'FT': 0.2, 'TA': 0.1}",4,1.2206072645530173
3014002520,2020-09-23T17:14:51,2020.0,Québec,Apioperdon pyriforme,https://www.inaturalist.org/observations/60553589,31G,"-495567,67+240582,68",B,1A,40.0,2,M,,,CP,,MF,55.0,JIN,"{'PE': 0.3, 'BJ': 0.2, 'EO': 0.2, 'SB': 0.2, 'EB': 0.1}",5,1.5571130980576458
3013947560,2020-10-12T11:43,2020.0,Québec,Apioperdon pyriforme,https://www.inaturalist.org/observations/64717742,31G,"-577601,15+203468,60",C,1A,30.0,1,F,,,,,F,95.0,VIN,"{'ES': 0.8, 'FT': 0.1, 'TA': 0.1}",3,0.639031859650177
3013922625,2020-09-09T09:47:30,2020.0,Québec,Apioperdon pyriforme,https://www.inaturalist.org/observations/66487165,31G,"-568947,63+212951,11",D,1AM,20.0,2,F,,,,,F,85.0,JIN,"{'ES': 0.7, 'FI': 0.1, 'FT': 0.1, 'TA': 0.1}",4,0.9404479886553263
3013922521,2020-09-23T17:41:51,2020.0,Québec,Apioperdon pyriforme,https://www.inaturalist.org/observations/60557112,31G,"-495567,67+240582,68",B,1A,40.0,2,M,,,CP,,MF,55.0,JIN,"{'PE': 0.3, 'BJ': 0.2, 'EO': 0.2, 'SB': 0.2, 'EB': 0.1}",5,1.5571130980576458
3013890501,2020-09-06T11:53:41,2020.0,Québec,Apioperdon pyriforme,https://www.inaturalist.org/observations/59525603,31G,"-441693,54+222190,77",D,1A,31.0,2,F,,,,,F,85.0,50,"{'EO': 0.3, 'BJ': 0.2, 'ES': 0.2, 'HG': 0.2, 'BP': 0.1}",5,1.5571130980576458
3013859513,2020-09-16T15:03:29,2020.0,Québec,Apioperdon pyriforme,https://www.inaturalist.org/observations/59840270,31G,"-562739,92+203042,10",A,1AY,30.0,1,M,,,CP,,MF,45.0,JIN,"{'EO': 0.2, 'ES': 0.2, 'PE': 0.2, 'FT': 0.1, 'PB': 0.2, 'SE': 0.1}",6,1.7480673485460894
2992677535,2020-10-11T14:58,2020.0,Québec,Apioperdon pyriforme,https://www.inaturalist.org/observations/64717935,31G,"-574326,11+196235,87",C,1AM,30.0,2,F,,,,,F,75.0,JIN,"{'ES': 0.4, 'FR': 0.2, 'HG': 0.2, 'CR': 0.1, 'FT': 0.1}",5,1.4708084763221112
2992667579,2020-11-08T10:53:05,2020.0,Québec,Apioperdon pyriforme,https://www.inaturalist.org/observations/65190857,31G,"-574299,86+196945,26",B,1AM,20.0,1,F,,,CP,,F,75.0,VIN,"{'ES': 0.5, 'FT': 0.2, 'FR': 0.1, 'HG': 0.1, 'PB': 0.1}",5,1.3592367006650063
2984518519,2020-10-18T14:15:49,2020.0,Québec,Apioperdon pyriforme,https://www.inaturalist.org/observations/62921090,31G,"-558895,49+212565,40",D,1AY,30.0,2,M,,,,,MR,95.0,VIN,"{'PU': 0.7, 'BP': 0.1, 'CR': 0.1, 'FT': 0.1}",4,0.9404479886553263
2898276989,2020-10-11T10:46:52,2020.0,Québec,Apioperdon pyriforme,https://www.inaturalist.org/observations/62402549,31G,"-572972,07+204246,57",B,5A,30.0,1,F,,,CP,,F,75.0,VIN,"{'ES': 0.4, 'CR': 0.2, 'FT': 0.1, 'TA': 0.1, 'PU': 0.2}",5,1.4708084763221112
2868296518,2020-09-07T15:28:17,2020.0,Québec,Apioperdon pyriforme,https://www.inaturalist.org/observations/58877929,31G,"-574872,82+201210,28",D,1AY,30.0,2,F,,,,,F,85.0,VIN,"{'ES': 0.5, 'FT': 0.2, 'CR': 0.1, 'HG': 0.1, 'RX': 0.1}",5,1.3592367006650063
2868098985,2020-09-19T10:46,2020.0,Québec,Apioperdon pyriforme,https://www.inaturalist.org/observations/60145335,31G,"-508792,87+203893,20",B,R1A,30.0,2,M,,,,,MF,85.0,JIN,"{'CR': 0.3, 'FT': 0.2, 'BP': 0.1, 'EO': 0.1, 'PB': 0.2, 'RX': 0.1}",6,1.6957425341696346
2862300179,2020-09-08T10:11:04,2020.0,Québec,Apioperdon pyriforme,https://www.inaturalist.org/observations/58978456,31G,"-564752,21+212761,47",A,1A,40.0,2,M,,,,,MM,75.0,JIN,"{'EB': 0.3, 'RX': 0.1, 'SB': 0.1, 'BP': 0.3, 'EO': 0.1, 'FH': 0.1}",6,1.6434177197931796
2576410826,2012-10-06T12:57:24,2012.0,Québec,Apioperdon pyriforme,https://www.inaturalist.org/observations/26943707,31G,"-578163,76+197794,61",B,1AY,30.0,1,F,,,CP,,F,85.0,VIN,"{'ES': 0.4, 'CR': 0.1, 'FT': 0.1, 'HG': 0.1, 'TA': 0.1, 'PB': 0.2}",6,1.6094379124341003
2576294210,2019-10-26T11:45:19,2019.0,Québec,Apioperdon pyriforme,https://www.inaturalist.org/observations/34919537,31G,"-575174,69+200937,62",D,1AY,30.0,1,F,,,,,F,85.0,VIN,"{'ES': 0.7, 'CR': 0.1, 'FT': 0.1, 'TA': 0.1}",4,0.9404479886553263
2423152980,2019-09-19T18:11:24,2019.0,Québec,Apioperdon pyriforme,https://www.inaturalist.org/observations/33035322,31G,"-584240,04+206397,31",D,1AY,20.0,1,F,,,,,F,75.0,VIN,"{'ES': 0.5, 'CR': 0.2, 'BJ': 0.1, 'FT': 0.1, 'TA': 0.1}",5,1.3592367006650063
1914199968,2018-09-15T10:41,2018.0,Québec,Apioperdon pyriforme,https://www.inaturalist.org/observations/16599639,31G,"-573871,22+187744,84",A,5A,30.0,1,F,,,CP,,F,95.0,VIN,"{'ES': 0.4, 'FR': 0.3, 'BP': 0.1, 'FT': 0.1, 'PE': 0.1}",5,1.4184836619456564
1890032144,2009-09-06T15:38:37,2009.0,Québec,Apioperdon pyriforme,https://www.inaturalist.org/observations/10888385,31G,"-496812,48+239075,95",B,2BE,20.0,2,M,,,CP,,MF,55.0,JIN,"{'PE': 0.3, 'BJ': 0.1, 'EO': 0.1, 'FH': 0.1, 'SB': 0.2, 'EU': 0.1, 'RX': 0.1}",7,1.8343719702816235
1412709570,1976-07-27,1976.0,Québec,Apioperdon pyriforme,CMMF018031,31G,"-426989,17+237247,34",D,1AY,31.0,1,F,,,,,F,75.0,VIN,"{'ES': 0.6, 'BJ': 0.2, 'EO': 0.1, 'FI': 0.1}",4,1.0888999753452235
1135068084,2006-09-21,2006.0,Québec,Apioperdon pyriforme,CMMF006702,31G,"-445317,70+205176,03",A,3AN,50.0,2,F,,,,,F,85.0,JIN,"{'EO': 0.3, 'ES': 0.2, 'BJ': 0.1, 'BP': 0.1, 'EA': 0.1, 'FT': 0.1, 'PB': 0.1}",7,1.8343719702816235
1024559045,2012-10-16,2012.0,Québec,Apioperdon pyriforme,CMMF004618,31G,"-442492,29+138230,60",A,1A,30.0,2,F,,,,,F,85.0,50,"{'FT': 0.3, 'EO': 0.2, 'ES': 0.2, 'TA': 0.2, 'HG': 0.1}",5,1.5571130980576458
1024558758,2011-08-30,2011.0,Québec,Apioperdon pyriforme,CMMF004162,31G,"-442519,82+138397,69",B,1A,30.0,1,F,,,,,F,95.0,VIN,"{'ES': 0.5, 'HG': 0.2, 'TA': 0.2, 'FT': 0.1}",4,1.2206072645530173
617551333,1988-08-29,1988.0,Québec,Apioperdon pyriforme,CMMF000266,31H,"-403819,23+179708,39",A,5A,40.0,2,F,,,EL,,F,45.0,JIN,"{'EO': 0.3, 'FR': 0.3, 'OR': 0.3, 'FT': 0.1}",4,1.313834033192747
4952203522,2024-10-08T00:36:45,2024.0,Québec,Apioperdon pyriforme,https://www.inaturalist.org/observations/246277904,31H,"-399617,52+174755,23",A,5A,40.0,1,F,,,,,F,85.0,JIN,"{'EA': 0.4, 'FT': 0.2, 'EO': 0.1, 'ES': 0.1, 'FR': 0.1, 'PL': 0.1}",6,1.6094379124341
4936430829,2022-04-28T18:52:06,2022.0,Québec,Apioperdon pyriforme,https://www.inaturalist.org/observations/113293611,31H,"-404142,23+193334,06",A,5A,30.0,1,F,,,,,F,85.0,VIN,"{'ES': 0.4, 'FT': 0.2, 'BJ': 0.1, 'EO': 0.1, 'FI': 0.1, 'HG': 0.1}",6,1.6094379124341
4925936474,2024-08-18T15:38:50,2024.0,Québec,Apioperdon pyriforme,https://www.inaturalist.org/observations/236618849,31H,"-317826,66+168644,82",B,1A,30.0,2,M,,,,,MF,85.0,JIN,"{'EO': 0.3, 'OR': 0.2, 'BJ': 0.1, 'FO': 0.1, 'TO': 0.2, 'PU': 0.1}",6,1.6957425341696346
4901671097,2022-09-20T16:10:36,2022.0,Québec,Apioperdon pyriforme,https://www.inaturalist.org/observations/224561991,31H,"-415957,61+127955,44",B,1AY,31.0,2,M,,,,,MR,85.0,VIN,"{'PU': 0.3, 'EB': 0.1, 'PB': 0.1, 'SB': 0.1, 'ES': 0.2, 'FT': 0.2}",6,1.6957425341696346
4872556579,2023-08-21T08:21,2023.0,Québec,Apioperdon pyriforme,https://www.inaturalist.org/observations/179604905,31H,"-362910,56+185221,31",E,1AY,30.0,2,F,,,,,F,55.0,VIN,"{'ES': 0.6, 'FT': 0.2, 'HG': 0.2}",3,0.9502705392332347
4872535277,2023-10-14T14:23,2023.0,Québec,Apioperdon pyriforme,https://www.inaturalist.org/observations/191370195,31H,"-318720,07+133061,16",D,R1A,20.0,3,F,,,,,F,75.0,VIN,"{'BJ': 0.3, 'ES': 0.3, 'BP': 0.2, 'HG': 0.1, 'RX': 0.1}",5,1.5047882836811908
4872516209,2021-11-20T13:22:26,2021.0,Québec,Apioperdon pyriforme,https://www.inaturalist.org/observations/101571349,31H,"-376931,12+184788,33",C,1AY,20.0,1,F,,,,,F,55.0,VIN,"{'ES': 0.3, 'CR': 0.2, 'EO': 0.1, 'FI': 0.1, 'HG': 0.1, 'PB': 0.1, 'RX': 0.1}",7,1.8343719702816235
4872341725,2023-10-06T21:53,2023.0,Québec,Apioperdon pyriforme,https://www.inaturalist.org/observations/188097627,31H,"-426319,40+175881,21",A,5S,30.0,1,F,,,,,F,95.0,70,"{'ES': 0.3, 'HG': 0.3, 'FT': 0.2, 'CR': 0.1, 'EO': 0.1}",5,1.5047882836811908
4872295589,2022-10-02T11:36:42,2022.0,Québec,Apioperdon pyriforme,https://www.inaturalist.org/observations/200056912,31H,"-332992,57+124280,68",C,1A,30.0,2,F,,,,,F,75.0,JIN,"{'EO': 0.4, 'ES': 0.3, 'FI': 0.1, 'FR': 0.1, 'FT': 0.1}",5,1.4184836619456564
4872188861,2023-09-16T10:13:51,2023.0,Québec,Apioperdon pyriforme,https://www.inaturalist.org/observations/183512059,31H,"-412354,46+170559,81",A,5A,40.0,1,F,,,,,F,75.0,VIN,"{'PL': 0.3, 'EA': 0.2, 'FR': 0.2, 'FT': 0.2, 'FN': 0.1}",5,1.5571130980576458
4872106898,2022-09-11T07:52:55,2022.0,Québec,Apioperdon pyriforme,https://www.inaturalist.org/observations/134562715,31H,"-295147,85+158633,56",A,1A,40.0,2,M,,,,,MM,75.0,JIN,"{'PU': 0.4, 'RX': 0.1, 'HG': 0.2, 'BJ': 0.1, 'EO': 0.1, 'FR': 0.1}",6,1.6094379124341003
4872098170,2024-04-27T13:18:55,2024.0,Québec,Apioperdon pyriforme,https://www.inaturalist.org/observations/210804480,31H,"-340527,05+190035,05",A,1A,30.0,1,F,,,,,F,65.0,VIN,"{'ES': 0.7, 'BJ': 0.1, 'FT': 0.1, 'TA': 0.1}",4,0.9404479886553263
4872088145,2023-11-16T10:56,2023.0,Québec,Apioperdon pyriforme,https://www.inaturalist.org/observations/191210577,31H,"-414273,08+197803,77",A,5S,40.0,2,F,,,,,F,75.0,JIN,"{'FO': 0.3, 'FR': 0.3, 'EO': 0.2, 'FI': 0.1, 'FT': 0.1}",5,1.5047882836811908
4872065660,2022-08-26T15:43:27,2022.0,Québec,Apioperdon pyriforme,https://www.inaturalist.org/observations/132464745,31H,"-296999,17+157432,59",B,1A,30.0,2,F,,,,,F,95.0,50,"{'FT': 0.4, 'EO': 0.2, 'FR': 0.2, 'BJ': 0.1, 'ES': 0.1}",5,1.4708084763221112
4852891405,2024-04-21T12:53:55,2024.0,Québec,Apioperdon pyriforme,https://www.inaturalist.org/observations/208552278,31H,"-287890,10+158227,21",D,1AY,20.0,1,F,,,,,F,95.0,JIN,"{'ES': 0.7, 'FR': 0.1, 'HG': 0.1, 'TA': 0.1}",4,0.9404479886553263
4852550463,2024-04-29T07:17:04,2024.0,Québec,Apioperdon pyriforme,https://www.inaturalist.org/observations/211484952,31H,"-412354,46+170559,81",A,5A,40.0,1,F,,,,,F,75.0,VIN,"{'PL': 0.3, 'EA': 0.2, 'FR': 0.2, 'FT': 0.2, 'FN': 0.1}",5,1.5571130980576458
4851904034,2024-04-29T07:17:29,2024.0,Québec,Apioperdon pyriforme,https://www.inaturalist.org/observations/211485095,31H,"-412354,46+170559,81",A,5A,40.0,1,F,,,,,F,75.0,VIN,"{'PL': 0.3, 'EA': 0.2, 'FR': 0.2, 'FT': 0.2, 'FN': 0.1}",5,1.5571130980576458
4607492748,2024-04-03T08:02,2024.0,Québec,Apioperdon pyriforme,https://www.inaturalist.org/observations/205302609,31H,"-414273,08+197803,77",A,5S,40.0,2,F,,,,,F,75.0,JIN,"{'FO': 0.3, 'FR': 0.3, 'EO': 0.2, 'FI': 0.1, 'FT': 0.1}",5,1.5047882836811908
4600145038,2022-08-31T16:59:20,2022.0,Québec,Apioperdon pyriforme,https://www.inaturalist.org/observations/204045307,31H,"-280360,82+186928,71",B,3AN,50.0,2,F,,,,,F,65.0,70,"{'FN': 0.3, 'FR': 0.3, 'EO': 0.2, 'FT': 0.1, 'PE': 0.1}",5,1.5047882836811908
4599834383,2022-10-02T13:28:56,2022.0,Québec,Apioperdon pyriforme,https://www.inaturalist.org/observations/200155120,31H,"-333377,12+123613,32",C,1A,30.0,2,M,,,,,MF,65.0,JIN,"{'EO': 0.5, 'FT': 0.1, 'EU': 0.1, 'PU': 0.1, 'RX': 0.1, 'SB': 0.1}",6,1.4978661367769952
4535947533,2024-02-28T11:33:19,2024.0,Québec,Apioperdon pyriforme,https://www.inaturalist.org/observations/200764825,31H,"-349825,46+191225,86",A,5A,40.0,2,F,,,,,F,65.0,JIN,"{'FN': 0.5, 'EO': 0.2, 'FR': 0.2, 'FT': 0.1}",4,1.2206072645530173
4528274741,2022-10-02T11:24:07,2022.0,Québec,Apioperdon pyriforme,https://www.inaturalist.org/observations/200054680,31H,"-333234,21+124406,22",C,1A,30.0,2,F,,,,,F,95.0,JIN,"{'EO': 0.4, 'ES': 0.3, 'FR': 0.2, 'FT': 0.1}",4,1.2798542258336674
4458336242,2023-10-06T21:53,2023.0,Québec,Apioperdon pyriforme,https://www.inaturalist.org/observations/188097611,31H,"-426319,40+175881,21",A,5S,30.0,1,F,,,,,F,95.0,70,"{'ES': 0.3, 'HG': 0.3, 'FT': 0.2, 'CR': 0.1, 'EO': 0.1}",5,1.5047882836811908
4442616976,2023-10-09T13:11,2023.0,Québec,Apioperdon pyriforme,https://www.inaturalist.org/observations/187409290,31H,"-292361,58+158909,87",D,1AY,20.0,2,M,,,,,MR,95.0,JIN,"{'PB': 0.4, 'PU': 0.2, 'EO': 0.2, 'BJ': 0.1, 'FT': 0.1}",5,1.4708084763221112
4416909060,2023-09-24T10:02,2023.0,Québec,Apioperdon pyriforme,https://www.inaturalist.org/observations/184728004,31H,"-376607,73+183982,01",C,1AY,30.0,1,F,,,,,F,85.0,VIN,"{'ES': 0.4, 'CR': 0.3, 'FT': 0.2, 'PU': 0.1}",4,1.2798542258336674
4414196896,2023-09-10T17:35,2023.0,Québec,Apioperdon pyriforme,https://www.inaturalist.org/observations/183443594,31H,"-330996,92+164477,88",B,1A,30.0,1,F,,,,,F,95.0,VIN,"{'ES': 0.5, 'EO': 0.2, 'FR': 0.1, 'FT': 0.1, 'HG': 0.1}",5,1.3592367006650063
4171886764,2023-07-29T13:59:43,2023.0,Québec,Apioperdon pyriforme,https://www.inaturalist.org/observations/175580561,31H,"-285712,96+163364,46",C,2A,20.0,2,M,,,,,MR,65.0,70,"{'PU': 0.5, 'RX': 0.1, 'EO': 0.2, 'BG': 0.1, 'BJ': 0.1}",5,1.3592367006650063
4133957115,2023-06-10T14:49:27,2023.0,Québec,Apioperdon pyriforme,https://www.inaturalist.org/observations/166644631,31H,"-272816,20+204017,42",B,4GS,40.0,2,R,,,,,R,75.0,VIN,"{'PU': 0.5, 'TO': 0.2, 'SE': 0.1, 'EO': 0.1, 'FX': 0.1}",5,1.3592367006650063
4129888387,2021-10-13T09:35:10,2021.0,Québec,Apioperdon pyriforme,https://www.inaturalist.org/observations/98098693,31H,"-412923,33+200813,35",A,5S,30.0,1,M,,,,,MR,85.0,JIN,"{'PU': 0.6, 'EO': 0.2, 'FT': 0.2}",3,0.9502705392332347
4129706592,2023-05-11T10:44:08,2023.0,Québec,Apioperdon pyriforme,https://www.inaturalist.org/observations/161089407,31H,"-354118,13+174665,04",B,1A,30.0,2,F,,,,,F,75.0,50,"{'ES': 0.4, 'FT': 0.2, 'HG': 0.2, 'BJ': 0.1, 'TA': 0.1}",5,1.4708084763221112
4067656631,2022-09-14T17:17:39,2022.0,Québec,Apioperdon pyriforme,https://www.inaturalist.org/observations/135040084,31H,"-319567,22+131504,33",F,1AY,21.0,1,F,,,,,F,85.0,VIN,"{'ES': 0.6, 'BJ': 0.1, 'EA': 0.1, 'FT': 0.1, 'HG': 0.1}",5,1.2275294114572126
4063084424,2022-01-01T13:49:23,2022.0,Québec,Apioperdon pyriforme,https://www.inaturalist.org/observations/104128872,31H,"-272221,25+220248,14",B,1A,30.0,2,M,,,,,MR,75.0,JIN,"{'PU': 0.6, 'EO': 0.2, 'FT': 0.2}",3,0.9502705392332347
4063083345,2020-09-20T14:01:11,2020.0,Québec,Apioperdon pyriforme,https://www.inaturalist.org/observations/60256363,31H,"-299708,48+152758,30",A,4GS,40.0,2,F,,,,,F,45.0,JIN,"{'EO': 0.2, 'FR': 0.2, 'PE': 0.2, 'FH': 0.1, 'FN': 0.1, 'ML': 0.2}",6,1.7480673485460894
4063069360,2020-09-12T10:20:39,2020.0,Québec,Apioperdon pyriforme,https://www.inaturalist.org/observations/59339442,31H,"-376536,03+185638,52",C,1A,30.0,1,F,,,,,F,85.0,VIN,"{'ES': 0.6, 'HG': 0.3, 'FT': 0.1}",3,0.8979457248567797
4063044496,2022-09-29T15:24,2022.0,Québec,Apioperdon pyriforme,https://www.inaturalist.org/observations/136951342,31H,"-426809,43+173983,84",A,5A,40.0,1,F,,,,,F,85.0,70,"{'FR': 0.5, 'EO': 0.2, 'ES': 0.2, 'FT': 0.1}",4,1.2206072645530173
4062970521,2022-12-08T15:44:27,2022.0,Québec,Apioperdon pyriforme,https://www.inaturalist.org/observations/143966388,31H,"-313297,46+129279,77",D,1AY,30.0,1,F,,,,,F,85.0,VIN,"{'ES': 0.5, 'BJ': 0.3, 'FR': 0.1, 'HG': 0.1}",4,1.1682824501765625
4062822368,2020-09-23T13:47:27,2020.0,Québec,Apioperdon pyriforme,https://www.inaturalist.org/observations/60531394,31H,"-289439,78+161941,89",D,1AY,30.0,1,F,,,,,F,75.0,JIN,"{'ES': 0.6, 'FR': 0.3, 'FT': 0.1}",3,0.8979457248567797
4062630384,2021-10-28T14:04:23,2021.0,Québec,Apioperdon pyriforme,https://www.inaturalist.org/observations/99667263,31H,"-413739,21+200441,38",A,5S,30.0,1,M,,,,,MF,85.0,VIN,"{'EO': 0.3, 'FT': 0.2, 'FI': 0.1, 'PB': 0.3, 'TO': 0.1}",5,1.5047882836811908
4062576500,2022-09-16T14:28:02,2022.0,Québec,Apioperdon pyriforme,https://www.inaturalist.org/observations/135276430,31H,"-389875,57+228520,30",A,5S,30.0,1,F,,,,,F,85.0,VIN,"{'ES': 0.7, 'FT': 0.2, 'EO': 0.1}",3,0.8018185525433372
4062565344,2020-10-08T12:30:06,2020.0,Québec,Apioperdon pyriforme,https://www.inaturalist.org/observations/62038167,31H,"-331638,91+149321,14",A,1A,40.0,1,M,,,,,MF,85.0,VIN,"{'EO': 0.6, 'FT': 0.1, 'PB': 0.1, 'PU': 0.1, 'TO': 0.1}",5,1.2275294114572126
3994317807,2022-10-05T13:24:22,2022.0,Québec,Apioperdon pyriforme,https://www.inaturalist.org/observations/143931455,31H,"-333377,12+123613,32",C,1A,30.0,2,M,,,,,MF,65.0,JIN,"{'EO': 0.5, 'FT': 0.1, 'EU': 0.1, 'PU': 0.1, 'RX': 0.1, 'SB': 0.1}",6,1.4978661367769952
3986039385,2020-09-16T10:56:38,2020.0,Québec,Apioperdon pyriforme,https://www.inaturalist.org/observations/59779085,31H,"-426932,94+175935,10",A,5A,40.0,2,F,,,,,F,95.0,JIN,"{'EO': 0.6, 'HG': 0.2, 'PE': 0.1, 'PU': 0.1}",4,1.0888999753452235
3925309570,2022-10-10T15:18:05,2022.0,Québec,Apioperdon pyriforme,https://www.inaturalist.org/observations/138308660,31H,"-378055,10+192715,63",D,5S,31.0,3,F,,,,,F,25.0,30,"{'OR': 0.4, 'EA': 0.2, 'FN': 0.2, 'PE': 0.2}",4,1.3321790402101223
3915491906,2022-09-17T12:16:12,2022.0,Québec,Apioperdon pyriforme,https://www.inaturalist.org/observations/135432389,31H,"-295972,67+156467,85",D,1A,30.0,1,F,,,,,F,95.0,JIN,"{'ES': 0.7, 'FR': 0.1, 'FT': 0.1, 'HG': 0.1}",4,0.9404479886553263
3912341501,2022-09-17T12:34:44,2022.0,Québec,Apioperdon pyriforme,https://www.inaturalist.org/observations/135453526,31H,"-375820,95+186126,15",D,1AY,30.0,1,F,,,,,F,85.0,VIN,"{'CR': 0.4, 'ES': 0.4, 'HG': 0.2}",3,1.0549201679861442
3912241974,2022-09-17T12:16:13,2022.0,Québec,Apioperdon pyriforme,https://www.inaturalist.org/observations/135447005,31H,"-303985,18+144138,32",D,1AM,30.0,1,F,,,,,F,75.0,VIN,"{'ES': 0.7, 'HG': 0.2, 'FT': 0.1}",3,0.8018185525433372
3902804324,2022-09-09T14:49,2022.0,Québec,Apioperdon pyriforme,https://www.inaturalist.org/observations/134361919,31H,"-425998,34+175290,48",A,5S,30.0,1,M,,,,,MF,85.0,70,"{'EO': 0.4, 'ES': 0.2, 'BP': 0.1, 'PB': 0.2, 'PU': 0.1}",5,1.4708084763221112
3760068062,2022-04-15T12:20,2022.0,Québec,Apioperdon pyriforme,https://www.inaturalist.org/observations/111604144,31H,"-358324,59+125115,47",A,1A,40.0,2,M,,,,,MF,85.0,JIN,"{'EO': 0.2, 'FT': 0.2, 'FR': 0.1, 'PE': 0.1, 'PU': 0.2, 'PB': 0.1, 'TO': 0.1}",7,1.8866967846580784
3415712711,2021-11-19T09:44:28,2021.0,Québec,Apioperdon pyriforme,https://www.inaturalist.org/observations/101497037,31H,"-383432,12+172178,92",A,7T,50.0,3,F,,,,,F,35.0,JIN,"{'EO': 0.3, 'OR': 0.3, 'PE': 0.2, 'BG': 0.1, 'FN': 0.1}",5,1.5047882836811908
3398850990,2021-10-24T10:20:33,2021.0,Québec,Apioperdon pyriforme,https://www.inaturalist.org/observations/99216054,31H,"-361102,43+125501,83",C,1AY,30.0,1,F,,,,,F,95.0,VIN,"{'ES': 0.5, 'FT': 0.3, 'CR': 0.1, 'EO': 0.1}",4,1.1682824501765625
3385081212,2021-10-03T13:52:09,2021.0,Québec,Apioperdon pyriforme,https://www.inaturalist.org/observations/97042771,31H,"-376217,83+196286,73",A,5S,40.0,2,F,,,,,F,85.0,50,"{'BG': 0.7, 'FR': 0.2, 'EO': 0.1}",3,0.8018185525433372
3384759592,2021-09-25T13:32Z,2021.0,Québec,Apioperdon pyriforme,https://www.inaturalist.org/observations/96411638,31H,"-377337,20+185848,96",D,1AY,20.0,1,F,,,,,F,85.0,JIN,"{'CR': 0.5, 'ES': 0.4, 'HG': 0.1}",3,0.9433483923290391
3384506514,2021-09-26T16:34,2021.0,Québec,Apioperdon pyriforme,https://www.inaturalist.org/observations/96286106,31H,"-404142,23+193334,06",A,5A,30.0,1,F,,,,,F,85.0,VIN,"{'ES': 0.4, 'FT': 0.2, 'BJ': 0.1, 'EO': 0.1, 'FI': 0.1, 'HG': 0.1}",6,1.6094379124341
3014092509,2020-09-12T11:58:17,2020.0,Québec,Apioperdon pyriforme,https://www.inaturalist.org/observations/59330004,31H,"-323943,52+141807,36",A,4GS,30.0,2,F,,,,,F,45.0,JIN,"{'EO': 0.3, 'PE': 0.3, 'FH': 0.2, 'FN': 0.1, 'RX': 0.1}",5,1.5047882836811908
3014091506,2020-09-16T11:08,2020.0,Québec,Apioperdon pyriforme,https://www.inaturalist.org/observations/59797972,31H,"-425998,34+175290,48",A,5S,30.0,1,M,,,,,MF,85.0,70,"{'EO': 0.4, 'ES': 0.2, 'BP': 0.1, 'PB': 0.2, 'PU': 0.1}",5,1.4708084763221112
3014062570,2020-12-04T12:19,2020.0,Québec,Apioperdon pyriforme,https://www.inaturalist.org/observations/66101197,31H,"-425998,34+175290,48",A,5S,30.0,1,M,,,,,MF,85.0,70,"{'EO': 0.4, 'ES': 0.2, 'BP': 0.1, 'PB': 0.2, 'PU': 0.1}",5,1.4708084763221112
3014004533,2020-09-27T14:53:23,2020.0,Québec,Apioperdon pyriforme,https://www.inaturalist.org/observations/61033683,31H,"-415223,13+176997,32",A,5S,20.0,3,F,CPR,1999.0,,,F,85.0,JIN,"{'FN': 0.3, 'FR': 0.2, 'EO': 0.1, 'FT': 0.1, 'OR': 0.1, 'PE': 0.1, 'PL': 0.1}",7,1.8343719702816235
3013941534,2020-09-23T15:48:17,2020.0,Québec,Apioperdon pyriforme,https://www.inaturalist.org/observations/60616442,31H,"-289439,78+161941,89",D,1AY,30.0,1,F,,,,,F,75.0,JIN,"{'ES': 0.6, 'FR': 0.3, 'FT': 0.1}",3,0.8979457248567797
3013917530,2020-09-16T09:25:46,2020.0,Québec,Apioperdon pyriforme,https://www.inaturalist.org/observations/59810783,31H,"-426427,38+176299,91",A,5A,30.0,1,R,P,1950.0,,,R,45.0,70,"{'ME': 0.6, 'EV': 0.3, 'FT': 0.1}",3,0.8979457248567797
2868290621,2020-09-17T13:56:52,2020.0,Québec,Apioperdon pyriforme,https://www.inaturalist.org/observations/59903742,31H,"-421832,34+175408,63",A,5A,40.0,1,F,,,,,F,85.0,JIN,"{'ES': 0.5, 'EA': 0.1, 'EO': 0.1, 'FR': 0.1, 'FT': 0.1, 'TA': 0.1}",6,1.4978661367769952
2868260144,2020-09-20T14:53:50,2020.0,Québec,Apioperdon pyriforme,https://www.inaturalist.org/observations/60478176,31H,"-426765,77+175395,02",A,5A,40.0,2,R,,,,,R,75.0,VIN,"{'PU': 0.7, 'PB': 0.1, 'EO': 0.1, 'HG': 0.1}",4,0.9404479886553263
2868245547,2020-09-09T13:41:52,2020.0,Québec,Apioperdon pyriforme,https://www.inaturalist.org/observations/59070499,31H,"-415321,38+177323,53",A,5A,30.0,1,F,,,,,F,85.0,VIN,"{'FR': 0.3, 'FT': 0.3, 'ES': 0.2, 'CH': 0.1, 'EO': 0.1}",5,1.5047882836811908
2868194558,2020-09-07T14:51:12,2020.0,Québec,Apioperdon pyriforme,https://www.inaturalist.org/observations/58871902,31H,"-415321,38+177323,53",A,5A,30.0,1,F,,,,,F,85.0,VIN,"{'FR': 0.3, 'FT': 0.3, 'ES': 0.2, 'CH': 0.1, 'EO': 0.1}",5,1.5047882836811908
2868123529,2020-09-11T13:07:52,2020.0,Québec,Apioperdon pyriforme,https://www.inaturalist.org/observations/59309040,31H,"-378164,60+185312,74",B,5S,30.0,2,M,P,,,,MM,75.0,30,"{'PR': 0.4, 'SB': 0.1, 'EO': 0.2, 'PL': 0.2, 'FH': 0.1}",5,1.4708084763221114
2868105532,2020-09-06T16:00:52,2020.0,Québec,Apioperdon pyriforme,https://www.inaturalist.org/observations/58852671,31H,"-315035,85+134254,25",D,1AM,20.0,2,M,,,,,MF,85.0,VIN,"{'BJ': 0.2, 'EO': 0.2, 'ES': 0.2, 'FT': 0.1, 'PU': 0.2, 'EU': 0.1}",6,1.7480673485460894
2868087533,2020-09-15T12:23:47,2020.0,Québec,Apioperdon pyriforme,https://www.inaturalist.org/observations/59693976,31H,"-415321,38+177323,53",A,5A,30.0,1,F,,,,,F,85.0,VIN,"{'FR': 0.3, 'FT': 0.3, 'ES': 0.2, 'CH': 0.1, 'EO': 0.1}",5,1.5047882836811908
2826288937,2019-09-20T09:33,2019.0,Québec,Apioperdon pyriforme,https://www.inaturalist.org/observations/54915669,31H,"-399164,39+174943,33",A,5A,40.0,1,F,,,,,F,75.0,JIN,"{'ES': 0.3, 'PL': 0.3, 'FT': 0.2, 'EA': 0.1, 'FR': 0.1}",5,1.5047882836811908
2580269218,2014-10-10T10:49,2014.0,Québec,Apioperdon pyriforme,https://www.inaturalist.org/observations/38580303,31H,"-319408,62+160321,18",C,1AY,30.0,1,M,P,,,,MF,85.0,JIN,"{'EO': 0.6, 'FT': 0.1, 'PR': 0.3}",3,0.8979457248567798
2576430886,2019-09-21T10:52:48,2019.0,Québec,Apioperdon pyriforme,https://www.inaturalist.org/observations/33549456,31H,"-377646,89+185338,37",B,1AY,30.0,1,F,,,,,F,95.0,JIN,"{'HG': 0.4, 'ES': 0.3, 'CR': 0.1, 'EO': 0.1, 'FT': 0.1}",5,1.4184836619456564
2429576598,2019-10-13T16:24:13,2019.0,Québec,Apioperdon pyriforme,https://www.inaturalist.org/observations/34321886,31H,"-428358,22+185925,51",D,5S,20.0,3,F,,,,,F,65.0,JIN,"{'EO': 0.4, 'PE': 0.4, 'FT': 0.2}",3,1.0549201679861442
1412708973,1981-08-18,1981.0,Québec,Apioperdon pyriforme,CMMF017549,31H,"-424272,39+179590,26",A,5A,40.0,3,F,,,,,F,25.0,30,"{'FR': 0.6, 'OR': 0.2, 'FN': 0.1, 'FT': 0.1}",4,1.0888999753452235
1412708830,1981-08-24,1981.0,Québec,Apioperdon pyriforme,CMMF017383,31H,"-424272,39+179590,26",A,5A,40.0,3,F,,,,,F,25.0,30,"{'FR': 0.6, 'OR': 0.2, 'FN': 0.1, 'FT': 0.1}",4,1.0888999753452235
1412704424,1946-10-24,1946.0,Québec,Apioperdon pyriforme,CMMF012402,31H,"-396288,97+183978,71",A,5A,30.0,1,F,,,,,F,65.0,VIN,"{'FN': 0.4, 'EA': 0.3, 'FT': 0.2, 'RX': 0.1}",4,1.2798542258336674
1135067804,1976-08-26,1976.0,Québec,Apioperdon pyriforme,CMMF006335,31H,"-408835,37+167329,27",A,5A,40.0,1,F,,,,,F,85.0,50,"{'EO': 0.7, 'FR': 0.1, 'FT': 0.1, 'PE': 0.1}",4,0.9404479886553263
1135067708,2005-09-04,2005.0,Québec,Apioperdon pyriforme,CMMF006234,31H,"-413466,07+166321,23",A,1AY,30.0,1,F,,,,,F,85.0,VIN,"{'ES': 0.6, 'CR': 0.2, 'FT': 0.2}",3,0.9502705392332347
1135067521,2010-09-15,2010.0,Québec,Apioperdon pyriforme,CMMF006005,31H,"-413633,63+164466,14",A,5A,40.0,1,F,,,,,F,85.0,JIN,"{'FR': 0.4, 'PE': 0.2, 'PL': 0.2, 'FH': 0.1, 'FT': 0.1}",5,1.4708084763221112
1135067448,2010-09-29,2010.0,Québec,Apioperdon pyriforme,CMMF006007,31H,"-413633,63+164466,14",A,5A,40.0,1,F,,,,,F,85.0,JIN,"{'FR': 0.4, 'PE': 0.2, 'PL': 0.2, 'FH': 0.1, 'FT': 0.1}",5,1.4708084763221112
617553633,2002-09-28,2002.0,Québec,Apioperdon pyriforme,CMMF003689,31I,"-405841,67+243195,20",A,2BE,30.0,2,F,,,,,F,75.0,70,"{'EO': 0.5, 'BP': 0.3, 'FT': 0.1, 'SE': 0.1}",4,1.1682824501765625
4872530415,2023-10-01T16:24:40,2023.0,Québec,Apioperdon pyriforme,https://www.inaturalist.org/observations/214331971,31I,"-398514,48+277139,52",D,1A,30.0,2,M,,,,,MF,85.0,VIN,"{'BP': 0.2, 'PE': 0.2, 'EO': 0.1, 'FT': 0.1, 'SB': 0.3, 'RX': 0.1}",6,1.6957425341696346
3915382998,2022-09-21T13:27:09,2022.0,Québec,Apioperdon pyriforme,https://www.inaturalist.org/observations/135998450,31I,"-413229,95+267963,79",C,2BE,30.0,2,M,,,,,MF,65.0,VIN,"{'BP': 0.3, 'BJ': 0.1, 'EO': 0.1, 'PE': 0.1, 'SB': 0.3, 'EB': 0.1}",6,1.6434177197931796
3385077513,2021-09-19T13:46:06,2021.0,Québec,Apioperdon pyriforme,https://www.inaturalist.org/observations/95462802,31I,"-390323,86+258519,50",F,5A,30.0,1,M,,,,,MF,75.0,VIN,"{'EO': 0.2, 'PE': 0.2, 'BP': 0.1, 'ES': 0.1, 'FT': 0.1, 'SE': 0.2, 'PB': 0.1}",7,1.8866967846580784
3384115538,2021-09-19T12:31:56,2021.0,Québec,Apioperdon pyriforme,https://www.inaturalist.org/observations/95462286,31I,"-389767,33+259069,64",D,5SY,20.0,1,M,,,,,MR,75.0,VIN,"{'PB': 0.4, 'EB': 0.1, 'SB': 0.1, 'ES': 0.2, 'EO': 0.1, 'FI': 0.1}",6,1.6094379124341003
3013936529,2020-09-14T08:48:17,2020.0,Québec,Apioperdon pyriforme,https://www.inaturalist.org/observations/59639056,31I,"-401738,49+242314,66",D,2BD,10.0,3,M,,,,,MF,75.0,JIN,"{'EO': 0.6, 'BP': 0.1, 'PB': 0.2, 'RX': 0.1}",4,1.0888999753452235
2862364247,2020-09-08T18:21:55,2020.0,Québec,Apioperdon pyriforme,https://www.inaturalist.org/observations/58994928,31I,"-384585,96+258328,00",C,1AY,30.0,1,F,,,,,F,85.0,VIN,"{'ES': 0.6, 'FT': 0.2, 'EO': 0.1, 'PU': 0.1}",4,1.0888999753452235
4872282839,2023-08-25T19:01:18,2023.0,Québec,Apioperdon pyriforme,https://www.inaturalist.org/observations/183733951,31J,"-446267,54+288826,12",D,1A,30.0,2,F,,,,,F,85.0,VIN,"{'BJ': 0.6, 'BP': 0.1, 'ES': 0.1, 'EU': 0.1, 'SB': 0.1}",5,1.2275294114572126
4872062684,2022-08-10T15:08:08,2022.0,Québec,Apioperdon pyriforme,https://www.inaturalist.org/observations/130292911,31J,"-461596,20+247455,23",D,1A,30.0,1,F,,,,,F,85.0,VIN,"{'ES': 0.6, 'BJ': 0.2, 'FT': 0.1, 'HG': 0.1}",4,1.0888999753452235
4103151432,2022-05-24T12:49,2022.0,Québec,Apioperdon pyriforme,https://www.inaturalist.org/observations/118561651,31J,"-568492,10+275524,18",D,R1A,10.0,1,F,,,,,F,85.0,JIN,"{'CR': 0.5, 'ER': 0.2, 'FT': 0.2, 'RX': 0.1}",4,1.2206072645530173
4062984487,2022-09-05T15:29:21,2022.0,Québec,Apioperdon pyriforme,https://www.inaturalist.org/observations/133864497,31J,"-503723,04+319656,64",B,1A,30.0,1,F,,,,,F,95.0,VIN,"{'BJ': 0.7, 'EO': 0.1, 'ES': 0.1, 'RX': 0.1}",4,0.9404479886553263
4062815487,2022-11-12T08:58:38,2022.0,Québec,Apioperdon pyriforme,https://www.inaturalist.org/observations/141805905,31J,"-439862,14+244941,60",D,1A,30.0,2,F,,,,,F,85.0,JIN,"{'BP': 0.4, 'ER': 0.2, 'PE': 0.2, 'FX': 0.1, 'RX': 0.1}",5,1.4708084763221112
4062806509,2022-11-12T08:58:38,2022.0,Québec,Apioperdon pyriforme,https://www.inaturalist.org/observations/141806103,31J,"-439862,14+244941,60",D,1A,30.0,2,F,,,,,F,85.0,JIN,"{'BP': 0.4, 'ER': 0.2, 'PE': 0.2, 'FX': 0.1, 'RX': 0.1}",5,1.4708084763221112
4062785539,2022-11-12T08:58:20,2022.0,Québec,Apioperdon pyriforme,https://www.inaturalist.org/observations/141805788,31J,"-439862,14+244941,60",D,1A,30.0,2,F,,,,,F,85.0,JIN,"{'BP': 0.4, 'ER': 0.2, 'PE': 0.2, 'FX': 0.1, 'RX': 0.1}",5,1.4708084763221112
4062696522,2022-11-12T08:58:38,2022.0,Québec,Apioperdon pyriforme,https://www.inaturalist.org/observations/141805970,31J,"-439862,14+244941,60",D,1A,30.0,2,F,,,,,F,85.0,JIN,"{'BP': 0.4, 'ER': 0.2, 'PE': 0.2, 'FX': 0.1, 'RX': 0.1}",5,1.4708084763221112
4062681520,2022-09-28T12:50:24,2022.0,Québec,Apioperdon pyriforme,https://www.inaturalist.org/observations/136841293,31J,"-497573,59+319636,11",D,1AM,20.0,1,F,,,CJ,2011.0,F,75.0,VIN,"{'ES': 0.8, 'BJ': 0.1, 'PU': 0.1}",3,0.639031859650177
4062660502,2022-11-12T08:58:38,2022.0,Québec,Apioperdon pyriforme,https://www.inaturalist.org/observations/141806076,31J,"-439862,14+244941,60",D,1A,30.0,2,F,,,,,F,85.0,JIN,"{'BP': 0.4, 'ER': 0.2, 'PE': 0.2, 'FX': 0.1, 'RX': 0.1}",5,1.4708084763221112
4062554519,2022-11-12T08:58:38,2022.0,Québec,Apioperdon pyriforme,https://www.inaturalist.org/observations/141806013,31J,"-439862,14+244941,60",D,1A,30.0,2,F,,,,,F,85.0,JIN,"{'BP': 0.4, 'ER': 0.2, 'PE': 0.2, 'FX': 0.1, 'RX': 0.1}",5,1.4708084763221112
4062548498,2022-11-12T08:58:38,2022.0,Québec,Apioperdon pyriforme,https://www.inaturalist.org/observations/141806211,31J,"-439862,14+244941,60",D,1A,30.0,2,F,,,,,F,85.0,JIN,"{'BP': 0.4, 'ER': 0.2, 'PE': 0.2, 'FX': 0.1, 'RX': 0.1}",5,1.4708084763221112
4062542509,2022-11-12T08:58:38,2022.0,Québec,Apioperdon pyriforme,https://www.inaturalist.org/observations/141805862,31J,"-439862,14+244941,60",D,1A,30.0,2,F,,,,,F,85.0,JIN,"{'BP': 0.4, 'ER': 0.2, 'PE': 0.2, 'FX': 0.1, 'RX': 0.1}",5,1.4708084763221112
3784646424,2021-10-11T12:33:23,2021.0,Québec,Apioperdon pyriforme,https://www.inaturalist.org/observations/112769604,31J,"-480490,45+272970,66",D,1AY,30.0,2,F,,,,,F,95.0,JIN,"{'ES': 0.3, 'EO': 0.2, 'PE': 0.2, 'BJ': 0.1, 'BP': 0.1, 'FT': 0.1}",6,1.6957425341696346
3408052782,2021-10-30T15:40:05,2021.0,Québec,Apioperdon pyriforme,https://www.inaturalist.org/observations/99813590,31J,"-462159,41+259567,92",C,1A,30.0,2,F,,,,,F,65.0,JIN,"{'ES': 0.3, 'BP': 0.2, 'EO': 0.2, 'BJ': 0.1, 'PE': 0.1, 'SB': 0.1}",6,1.6957425341696346
4852245960,2023-09-03T13:53,2023.0,Québec,Apioperdon pyriforme,https://www.inaturalist.org/observations/189630343,31K,"-601448,97+262994,57",C,1A,30.0,2,F,,,CJ,1992.0,F,75.0,VIN,"{'ES': 0.3, 'CR': 0.2, 'EO': 0.2, 'HG': 0.2, 'FT': 0.1}",5,1.5571130980576458
4133683901,2020-09-26T09:04:30,2020.0,Québec,Apioperdon pyriforme,https://www.inaturalist.org/observations/167117191,31K,"-580823,10+286561,47",A,1A,30.0,1,R,,,CP,,R,35.0,90,{'PB': 1.0},1,-0.0
4921935554,2023-08-21T11:31:58,2023.0,Québec,Apioperdon pyriforme,https://www.inaturalist.org/observations/179553824,31L,"-721084,97+368809,43",B,1A,30.0,3,M,CRS,1997.0,,,MR,75.0,JIN,"{'SB': 0.4, 'EN': 0.2, 'BP': 0.3, 'EO': 0.1}",4,1.2798542258336674
4436090956,2023-08-24T08:20:02,2023.0,Québec,Apioperdon pyriforme,https://www.inaturalist.org/observations/179958358,31L,"-721084,97+368809,43",B,1A,30.0,3,M,CRS,1997.0,,,MR,75.0,JIN,"{'SB': 0.4, 'EN': 0.2, 'BP': 0.3, 'EO': 0.1}",4,1.2798542258336674
4407160532,2023-08-24T08:20:02,2023.0,Québec,Apioperdon pyriforme,https://www.inaturalist.org/observations/179962828,31L,"-721084,97+368809,43",B,1A,30.0,3,M,CRS,1997.0,,,MR,75.0,JIN,"{'SB': 0.4, 'EN': 0.2, 'BP': 0.3, 'EO': 0.1}",4,1.2798542258336674
