gbifID,eventDate,year,stateProvince,species,genus,family,occurrenceID,region_code,geoc_maj,cl_pent,dep_sur,cl_drai,cl_haut,type_couv,origine,an_origine,perturb,an_perturb,ty_couv_et,densite,cl_age_et,tree_cover,richness_index,shannon_index
4407545602,2023-08-28T09:51,2023,Québec,Clavulinopsis fusiformis,Clavulinopsis,Clavariaceae,https://www.inaturalist.org/observations/181631351,21E,"-254379,59+155688,65",B,2A,20.0,2,M,,,,,MF,75.0,JIN,"{'EO': 0.5, 'BJ': 0.1, 'BP': 0.1, 'EB': 0.1, 'EU': 0.1, 'SB': 0.1}",6,1.4978661367769952
4407212734,2023-09-02T14:57:02,2023,Québec,Clavulinopsis fusiformis,Clavulinopsis,Clavariaceae,https://www.inaturalist.org/observations/181429052,21E,"-268806,06+164605,32",B,1A,40.0,2,M,,,,,MR,85.0,70,"{'EU': 0.5, 'SE': 0.1, 'TO': 0.1, 'EO': 0.2, 'BJ': 0.1}",5,1.3592367006650063
4400364170,2023-08-17T13:22:37,2023,Québec,Clavulinopsis fusiformis,Clavulinopsis,Clavariaceae,https://www.inaturalist.org/observations/178995329,21E,"-267857,35+164482,18",C,1A,30.0,2,F,,,,,F,75.0,50,"{'EO': 0.4, 'FR': 0.2, 'PE': 0.2, 'ES': 0.1, 'FH': 0.1}",5,1.4708084763221112
3988635538,2022-09-01T18:08:04,2022,Québec,Clavulinopsis fusiformis,Clavulinopsis,Clavariaceae,https://www.inaturalist.org/observations/133264141,21E,"-269528,02+139428,46",D,1A,20.0,2,M,,,,,MR,75.0,JIN,"{'TO': 0.5, 'EB': 0.1, 'BP': 0.3, 'FT': 0.1}",4,1.1682824501765625
3902468283,2022-08-31T11:45:14,2022,Québec,Clavulinopsis fusiformis,Clavulinopsis,Clavariaceae,https://www.inaturalist.org/observations/133093883,21E,"-262436,06+159227,61",B,4GS,30.0,1,M,,,,,MF,75.0,JIN,"{'EO': 0.2, 'PE': 0.2, 'BJ': 0.1, 'FT': 0.1, 'PU': 0.2, 'EB': 0.1, 'PB': 0.1}",7,1.8866967846580784
2988454343,2010-08-08T13:28,2010,Québec,Clavulinopsis fusiformis,Clavulinopsis,Clavariaceae,https://www.inaturalist.org/observations/22478438,21E,"-207158,99+205412,73",B,1A,30.0,2,M,,,,,MM,75.0,VIN,"{'PB': 0.2, 'SB': 0.2, 'EU': 0.1, 'BP': 0.2, 'EO': 0.2, 'PE': 0.1}",6,1.7480673485460896
2576428015,2019-08-24T10:38,2019,Québec,Clavulinopsis fusiformis,Clavulinopsis,Clavariaceae,https://www.inaturalist.org/observations/38805031,21E,"-207453,29+206848,77",B,1A,40.0,2,M,,,,,MF,85.0,JIN,"{'EO': 0.3, 'BP': 0.2, 'PE': 0.1, 'SB': 0.3, 'EU': 0.1}",5,1.5047882836811908
2429192832,2018-09-22T10:43,2018,Québec,Clavulinopsis fusiformis,Clavulinopsis,Clavariaceae,https://www.inaturalist.org/observations/17969531,21E,"-244871,57+163219,72",A,3AN,40.0,3,R,P,,,,R,85.0,30,"{'EB': 0.4, 'EV': 0.4, 'EO': 0.2}",3,1.0549201679861442
4919602058,2024-07-20T17:37,2024,Québec,Clavulinopsis fusiformis,Clavulinopsis,Clavariaceae,https://www.inaturalist.org/observations/231504700,21L,"-225421,06+228213,38",D,1AM,20.0,4,M,,,,,MF,85.0,50,"{'EO': 0.3, 'BP': 0.2, 'FX': 0.1, 'SB': 0.2, 'EU': 0.1, 'PB': 0.1}",6,1.6957425341696346
4908710868,2013-09-01T12:23,2013,Québec,Clavulinopsis fusiformis,Clavulinopsis,Clavariaceae,https://www.inaturalist.org/observations/25336098,21L,"-255807,04+270999,34",A,7E,60.0,4,R,,,,,R,35.0,50,"{'EN': 0.9, 'ML': 0.1}",2,0.3250829733914482
4599943758,2022-08-28T10:09:48,2022,Québec,Clavulinopsis fusiformis,Clavulinopsis,Clavariaceae,https://www.inaturalist.org/observations/132672096,21L,"-194570,84+323816,84",A,1A,30.0,1,F,,,,,F,85.0,VIN,"{'HG': 0.6, 'ES': 0.4}",2,0.6730116670092565
4597320557,2023-10-02,2023,Québec,Clavulinopsis fusiformis,Clavulinopsis,Clavariaceae,https://www.inaturalist.org/observations/193379833,21L,"-206419,69+327696,89",C,1A,30.0,2,F,,,,,F,85.0,VIN,"{'HG': 0.5, 'EO': 0.2, 'ES': 0.2, 'BJ': 0.1}",4,1.2206072645530173
4535747687,2023-08-06,2023,Québec,Clavulinopsis fusiformis,Clavulinopsis,Clavariaceae,https://www.inaturalist.org/observations/201114861,21L,"-207947,87+329032,26",C,1A,30.0,2,M,,,,,MF,75.0,VIN,"{'BJ': 0.3, 'EO': 0.2, 'ES': 0.1, 'HG': 0.1, 'SB': 0.2, 'EP': 0.1}",6,1.6957425341696346
4528167190,2023-09-23,2023,Québec,Clavulinopsis fusiformis,Clavulinopsis,Clavariaceae,https://www.inaturalist.org/observations/195078644,21L,"-220487,32+333426,12",D,1AY,20.0,2,M,,,,,MF,85.0,VIN,"{'BJ': 0.4, 'ER': 0.2, 'HG': 0.1, 'SB': 0.2, 'RX': 0.1}",5,1.4708084763221112
4527982503,2023-08-12,2023,Québec,Clavulinopsis fusiformis,Clavulinopsis,Clavariaceae,https://www.inaturalist.org/observations/199994046,21L,"-205565,92+329594,51",B,1A,30.0,3,R,,,CP,,R,55.0,JIN,"{'EP': 0.5, 'SB': 0.3, 'EO': 0.1, 'PE': 0.1}",4,1.1682824501765625
4522839303,2023-08-21,2023,Québec,Clavulinopsis fusiformis,Clavulinopsis,Clavariaceae,https://www.inaturalist.org/observations/199186878,21L,"-208121,73+328557,01",B,1A,30.0,3,M,,,,,MR,75.0,JIN,"{'SB': 0.3, 'EP': 0.2, 'TO': 0.1, 'EO': 0.2, 'BJ': 0.1, 'PE': 0.1}",6,1.6957425341696346
4522828317,2023-08-21,2023,Québec,Clavulinopsis fusiformis,Clavulinopsis,Clavariaceae,https://www.inaturalist.org/observations/199186387,21L,"-208121,73+328557,01",B,1A,30.0,3,M,,,,,MR,75.0,JIN,"{'SB': 0.3, 'EP': 0.2, 'TO': 0.1, 'EO': 0.2, 'BJ': 0.1, 'PE': 0.1}",6,1.6957425341696346
4522817291,2023-08-21,2023,Québec,Clavulinopsis fusiformis,Clavulinopsis,Clavariaceae,https://www.inaturalist.org/observations/199186822,21L,"-208063,41+328344,40",C,1A,30.0,2,F,,,DP,,F,75.0,VIN,"{'ES': 0.5, 'HG': 0.3, 'BJ': 0.1, 'EO': 0.1}",4,1.1682824501765625
4522771435,2023-08-21,2023,Québec,Clavulinopsis fusiformis,Clavulinopsis,Clavariaceae,https://www.inaturalist.org/observations/198996450,21L,"-207618,19+328344,03",B,1A,30.0,2,M,,,,,MR,75.0,VIN,"{'SB': 0.3, 'EP': 0.2, 'TO': 0.1, 'BJ': 0.2, 'BP': 0.1, 'EO': 0.1}",6,1.6957425341696346
4522558562,2023-08-24,2023,Québec,Clavulinopsis fusiformis,Clavulinopsis,Clavariaceae,https://www.inaturalist.org/observations/198483013,21L,"-220487,32+333426,12",D,1AY,20.0,2,M,,,,,MF,85.0,VIN,"{'BJ': 0.4, 'ER': 0.2, 'HG': 0.1, 'SB': 0.2, 'RX': 0.1}",5,1.4708084763221112
4407109287,2023-08-31T15:34:02,2023,Québec,Clavulinopsis fusiformis,Clavulinopsis,Clavariaceae,https://www.inaturalist.org/observations/181106711,21L,"-212249,03+327547,91",C,1A,30.0,2,F,,,,,F,75.0,JIN,"{'ES': 0.5, 'EO': 0.3, 'BJ': 0.1, 'HG': 0.1}",4,1.1682824501765625
4400349591,2023-08-14T13:30:06,2023,Québec,Clavulinopsis fusiformis,Clavulinopsis,Clavariaceae,https://www.inaturalist.org/observations/178623081,21L,"-199730,72+322359,70",F,R8A,20.0,3,M,,,,,MR,55.0,JIN,"{'TO': 0.6, 'ES': 0.2, 'EO': 0.1, 'FT': 0.1}",4,1.0888999753452235
4177325572,2023-08-09T14:25:31,2023,Québec,Clavulinopsis fusiformis,Clavulinopsis,Clavariaceae,https://www.inaturalist.org/observations/177642012,21L,"-211908,36+336303,14",D,1A,20.0,5,F,CT,,,,F,65.0,30,"{'FX': 0.7, 'FN': 0.1, 'RX': 0.2}",3,0.8018185525433373
4075750747,2022-09-06T13:49:27,2022,Québec,Clavulinopsis fusiformis,Clavulinopsis,Clavariaceae,https://www.inaturalist.org/observations/134108007,21L,"-159564,22+297775,82",A,2BE,20.0,3,F,,,,,F,85.0,JIN,"{'BP': 0.5, 'EO': 0.2, 'PE': 0.2, 'RX': 0.1}",4,1.2206072645530173
4018265363,2020-09-05T10:15,2020,Québec,Clavulinopsis fusiformis,Clavulinopsis,Clavariaceae,https://www.inaturalist.org/observations/58837570,21L,"-215120,01+310974,47",A,5S,30.0,3,F,,,,,F,95.0,50,"{'EO': 0.4, 'BP': 0.3, 'BJ': 0.1, 'PU': 0.1, 'SB': 0.1}",5,1.4184836619456564
4018254376,2020-08-28T18:14,2020,Québec,Clavulinopsis fusiformis,Clavulinopsis,Clavariaceae,https://www.inaturalist.org/observations/57972514,21L,"-216530,14+312468,13",B,5A,30.0,2,F,,,,,F,85.0,VIN,"{'ES': 0.5, 'FT': 0.3, 'EO': 0.2}",3,1.0296530140645737
3994300967,2022-09-02,2022,Québec,Clavulinopsis fusiformis,Clavulinopsis,Clavariaceae,https://www.inaturalist.org/observations/144075069,21L,"-212897,74+320192,17",B,5A,30.0,2,F,,,,,F,65.0,VIN,"{'PE': 0.3, 'EO': 0.2, 'FT': 0.2, 'FH': 0.1, 'EB': 0.1, 'SB': 0.1}",6,1.6957425341696346
3988539616,2022-09-17,2022,Québec,Clavulinopsis fusiformis,Clavulinopsis,Clavariaceae,https://www.inaturalist.org/observations/142599475,21L,"-216574,93+319615,05",A,5A,40.0,2,M,,,,,MF,75.0,VIN,"{'EO': 0.4, 'FH': 0.2, 'BJ': 0.1, 'EB': 0.2, 'RX': 0.1}",5,1.4708084763221112
3044584623,2020-08-02T13:24:09,2020,Québec,Clavulinopsis fusiformis,Clavulinopsis,Clavariaceae,https://www.inaturalist.org/observations/55452593,21L,"-178754,11+235895,29",C,1A,31.0,2,F,,,,,F,75.0,VIN,"{'BJ': 0.5, 'ES': 0.2, 'EO': 0.1, 'FX': 0.1, 'SE': 0.1}",5,1.3592367006650063
2862284216,2020-09-06,2020,Québec,Clavulinopsis fusiformis,Clavulinopsis,Clavariaceae,https://www.inaturalist.org/observations/58951297,21L,"-196373,07+325514,18",A,5S,21.0,2,M,,,,,MF,75.0,JIN,"{'EO': 0.3, 'BP': 0.2, 'BJ': 0.1, 'PE': 0.1, 'PU': 0.2, 'SB': 0.1}",6,1.6957425341696346
2856779365,2020-08-25T17:21:39,2020,Québec,Clavulinopsis fusiformis,Clavulinopsis,Clavariaceae,https://www.inaturalist.org/observations/57637643,21L,"-220960,63+309603,85",C,2A,20.0,1,M,,,,,MF,85.0,VIN,"{'FT': 0.3, 'ER': 0.2, 'PE': 0.1, 'PU': 0.3, 'PB': 0.1}",5,1.5047882836811908
2856656907,2020-08-22,2020,Québec,Clavulinopsis fusiformis,Clavulinopsis,Clavariaceae,https://www.inaturalist.org/observations/57327486,21L,"-215323,09+311163,77",A,5S,20.0,1,F,,,,,F,85.0,VIN,"{'ES': 0.4, 'FT': 0.3, 'EO': 0.2, 'RX': 0.1}",4,1.2798542258336674
2856591376,2020-08-26T15:13:43,2020,Québec,Clavulinopsis fusiformis,Clavulinopsis,Clavariaceae,https://www.inaturalist.org/observations/57665481,21L,"-221347,86+309513,95",A,2A,20.0,3,F,,,,,F,75.0,30,"{'FO': 0.4, 'EO': 0.2, 'FN': 0.2, 'RX': 0.1, 'SB': 0.1}",5,1.4708084763221112
2856511099,2020-08-24T13:33:14,2020,Québec,Clavulinopsis fusiformis,Clavulinopsis,Clavariaceae,https://www.inaturalist.org/observations/57476957,21L,"-213853,35+332836,08",D,1A,30.0,3,F,,,,,F,75.0,JIN,"{'EO': 0.4, 'FT': 0.2, 'PE': 0.2, 'RX': 0.1, 'SB': 0.1}",5,1.4708084763221112
2576414941,2018-09-17,2018,Québec,Clavulinopsis fusiformis,Clavulinopsis,Clavariaceae,https://www.inaturalist.org/observations/38293479,21L,"-207874,38+330102,72",D,1A,30.0,3,M,,,,,MF,75.0,50,"{'BJ': 0.3, 'EO': 0.2, 'BP': 0.1, 'SB': 0.3, 'EP': 0.1}",5,1.5047882836811908
2576372966,2018-09-17,2018,Québec,Clavulinopsis fusiformis,Clavulinopsis,Clavariaceae,https://www.inaturalist.org/observations/38293510,21L,"-207874,38+330102,72",D,1A,30.0,3,M,,,,,MF,75.0,50,"{'BJ': 0.3, 'EO': 0.2, 'BP': 0.1, 'SB': 0.3, 'EP': 0.1}",5,1.5047882836811908
2574176313,2018-09-24,2018,Québec,Clavulinopsis fusiformis,Clavulinopsis,Clavariaceae,https://www.inaturalist.org/observations/38361398,21L,"-207874,38+330102,72",D,1A,30.0,3,M,,,,,MF,75.0,50,"{'BJ': 0.3, 'EO': 0.2, 'BP': 0.1, 'SB': 0.3, 'EP': 0.1}",5,1.5047882836811908
2429273922,2019-09-27,2019,Québec,Clavulinopsis fusiformis,Clavulinopsis,Clavariaceae,https://www.inaturalist.org/observations/33502464,21L,"-215120,01+310974,47",A,5S,30.0,3,F,,,,,F,95.0,50,"{'EO': 0.4, 'BP': 0.3, 'BJ': 0.1, 'PU': 0.1, 'SB': 0.1}",5,1.4184836619456564
1701210469,2003-08-29,2003,Québec,Clavulinopsis fusiformis,Clavulinopsis,Clavariaceae,f900b827-ff79-49bf-8df7-0bbcf0d8a5b0,21L,"-220780,40+314293,83",A,5S,30.0,3,F,,,,,F,85.0,30,"{'BP': 0.4, 'BG': 0.2, 'PE': 0.2, 'EO': 0.1, 'FN': 0.1}",5,1.4708084763221112
1144841785,1938-10-02,1938,Québec,Clavulinopsis fusiformis,Clavulinopsis,Clavariaceae,ad660026-7606-4b25-af05-3c750e2ab4ba,21L,"-243968,64+311714,12",D,3AN,20.0,2,M,,,,,MM,65.0,VIN,"{'EB': 0.3, 'SB': 0.2, 'BJ': 0.2, 'EO': 0.2, 'FH': 0.1}",5,1.5571130980576458
1144818046,1938-08-15,1938,Québec,Clavulinopsis fusiformis,Clavulinopsis,Clavariaceae,3ea9610d-89f6-485e-a006-d668ed4a8ecd,21L,"-243968,64+311714,12",D,3AN,20.0,2,M,,,,,MM,65.0,VIN,"{'EB': 0.3, 'SB': 0.2, 'BJ': 0.2, 'EO': 0.2, 'FH': 0.1}",5,1.5571130980576458
1135071271,2007-08-16,2007,Québec,Clavulinopsis fusiformis,Clavulinopsis,Clavariaceae,CMMF009766,21L,"-210570,20+332446,14",D,1A,30.0,2,F,,,,,F,65.0,JIN,"{'ES': 0.4, 'EO': 0.3, 'BP': 0.1, 'FT': 0.1, 'PE': 0.1}",5,1.4184836619456564
1135071239,2007-08-18,2007,Québec,Clavulinopsis fusiformis,Clavulinopsis,Clavariaceae,CMMF009789,21L,"-210425,07+326724,84",C,1A,30.0,2,F,,,,,F,85.0,JIN,"{'EO': 0.3, 'ES': 0.3, 'HG': 0.3, 'FI': 0.1}",4,1.313834033192747
1135070405,2006-08-24,2006,Québec,Clavulinopsis fusiformis,Clavulinopsis,Clavariaceae,CMMF009027,21L,"-210570,20+332446,14",D,1A,30.0,2,F,,,,,F,65.0,JIN,"{'ES': 0.4, 'EO': 0.3, 'BP': 0.1, 'FT': 0.1, 'PE': 0.1}",5,1.4184836619456564
1135070302,2006-07-29,2006,Québec,Clavulinopsis fusiformis,Clavulinopsis,Clavariaceae,CMMF008825,21L,"-211501,42+332165,97",C,1A,30.0,2,F,,,,,F,75.0,JIN,"{'ES': 0.4, 'HG': 0.2, 'BJ': 0.1, 'EO': 0.1, 'FI': 0.1, 'RX': 0.1}",6,1.6094379124341
1135069462,2011-09-03,2011,Québec,Clavulinopsis fusiformis,Clavulinopsis,Clavariaceae,CMMF007980,21L,"-217846,00+316982,97",A,5S,30.0,2,F,,,,,F,85.0,VIN,"{'ES': 0.4, 'EO': 0.2, 'FT': 0.2, 'BJ': 0.1, 'PE': 0.1}",5,1.4708084763221112
1135069423,2006-08-16,2006,Québec,Clavulinopsis fusiformis,Clavulinopsis,Clavariaceae,CMMF007966,21L,"-141512,06+313680,47",C,1A,30.0,3,R,P,1987.0,EPC,2008.0,R,75.0,30,"{'RZ': 0.6, 'SB': 0.2, 'PE': 0.2}",3,0.9502705392332347
1135069378,2005-09-28,2005,Québec,Clavulinopsis fusiformis,Clavulinopsis,Clavariaceae,CMMF007937,21L,"-141512,06+313680,47",C,1A,30.0,3,R,P,1987.0,EPC,2008.0,R,75.0,30,"{'RZ': 0.6, 'SB': 0.2, 'PE': 0.2}",3,0.9502705392332347
4921548481,2024-07-30T16:59:35,2024,Québec,Clavulinopsis fusiformis,Clavulinopsis,Clavariaceae,https://www.inaturalist.org/observations/232827571,21M,"-216765,12+350728,36",D,2A,20.0,2,M,,,,,MF,75.0,VIN,"{'BJ': 0.6, 'BP': 0.1, 'SB': 0.2, 'EB': 0.1}",4,1.0888999753452235
4910735533,2024-07-21T10:14:02,2024,Québec,Clavulinopsis fusiformis,Clavulinopsis,Clavariaceae,https://www.inaturalist.org/observations/230962586,21M,"-257946,80+349279,15",D,1AM,20.0,2,F,,,CP,1993.0,F,85.0,VIN,"{'BJ': 0.4, 'ES': 0.3, 'EO': 0.1, 'SB': 0.2}",4,1.2798542258336676
4516446252,2023-09-19T23:00:50,2023,Québec,Clavulinopsis fusiformis,Clavulinopsis,Clavariaceae,https://www.inaturalist.org/observations/194978645,21M,"-120262,05+364464,78",C,6S,20.0,2,F,,,,,F,85.0,JIN,"{'ES': 0.5, 'BP': 0.2, 'EO': 0.1, 'PE': 0.1, 'RX': 0.1}",5,1.3592367006650063
2423149544,2019-09-19T15:39:04,2019,Québec,Clavulinopsis fusiformis,Clavulinopsis,Clavariaceae,https://www.inaturalist.org/observations/33036148,21M,"-201739,31+344516,23",C,1A,30.0,3,M,,,CP,,MM,55.0,JIN,"{'SB': 0.3, 'EB': 0.2, 'BP': 0.2, 'BJ': 0.1, 'EO': 0.1, 'PT': 0.1}",6,1.6957425341696346
1412703245,1945-09-21/1945-12-21,1945,Québec,Clavulinopsis fusiformis,Clavulinopsis,Clavariaceae,CMMF011704,21M,"-115610,25+376450,58",D,6S,30.0,3,M,,,,,MR,65.0,50,"{'TO': 0.5, 'RX': 0.1, 'ER': 0.2, 'FI': 0.1, 'FT': 0.1}",5,1.3592367006650063
1412703217,1944-09-09,1944,Québec,Clavulinopsis fusiformis,Clavulinopsis,Clavariaceae,CMMF011677,21M,"-115610,25+376450,58",D,6S,30.0,3,M,,,,,MR,65.0,50,"{'TO': 0.5, 'RX': 0.1, 'ER': 0.2, 'FI': 0.1, 'FT': 0.1}",5,1.3592367006650063
4430667928,2023-09-26T10:39,2023,Québec,Clavulinopsis fusiformis,Clavulinopsis,Clavariaceae,https://www.inaturalist.org/observations/187779380,22C,"-100462,60+466245,42",D,1AM,20.0,2,R,,,,,R,55.0,VIR,"{'EB': 0.2, 'PI': 0.2, 'SB': 0.2, 'EP': 0.1, 'TO': 0.1, 'PE': 0.1, 'BP': 0.1}",7,1.8866967846580782
2981096794,2020-10-11T15:17,2020,Québec,Clavulinopsis fusiformis,Clavulinopsis,Clavariaceae,https://www.inaturalist.org/observations/63933969,22C,"-99863,10+464895,43",F,R,10.0,4,R,,,,,R,45.0,70,"{'PG': 0.6, 'EP': 0.4}",2,0.6730116670092565
3988538555,2022-09-10T11:15:35,2022,Québec,Clavulinopsis fusiformis,Clavulinopsis,Clavariaceae,https://www.inaturalist.org/observations/134473503,31F,"-599095,92+209066,99",D,1AY,31.0,2,F,,,,,F,85.0,VIN,"{'PE': 0.4, 'ER': 0.2, 'CR': 0.1, 'FT': 0.1, 'PB': 0.2}",5,1.4708084763221112
3988465577,2022-10-01T11:57:21,2022,Québec,Clavulinopsis fusiformis,Clavulinopsis,Clavariaceae,https://www.inaturalist.org/observations/137180414,31F,"-614850,21+239318,72",B,2BE,30.0,2,M,,,CP,,MF,35.0,JIN,"{'ES': 0.3, 'FI': 0.2, 'EO': 0.1, 'FT': 0.1, 'PB': 0.2, 'RX': 0.1}",6,1.6957425341696346
3320952365,2020-07-21T13:15:52,2020,Québec,Clavulinopsis fusiformis,Clavulinopsis,Clavariaceae,https://www.inaturalist.org/observations/54168088,31F,"-612959,85+246858,22",D,1AY,30.0,1,F,,,,,F,85.0,90,"{'PE': 0.5, 'ER': 0.2, 'CR': 0.1, 'PB': 0.1, 'SE': 0.1}",5,1.3592367006650063
617549700,1988-08-20,1988,Québec,Clavulinopsis fusiformis,Clavulinopsis,Clavariaceae,CMMF000195,31G,"-433649,65+201698,55",A,5S,40.0,3,F,,,,,F,35.0,30,"{'EO': 0.3, 'FI': 0.2, 'FT': 0.2, 'BJ': 0.1, 'ES': 0.1, 'FH': 0.1}",6,1.6957425341696346
4950438183,2024-09-12T14:12:46,2024,Québec,Clavulinopsis fusiformis,Clavulinopsis,Clavariaceae,https://www.inaturalist.org/observations/242793018,31G,"-571588,91+193247,49",D,1AM,30.0,2,F,,,,,F,75.0,VIN,"{'ES': 0.7, 'CR': 0.1, 'HG': 0.1, 'TA': 0.1}",4,0.9404479886553263
4945474114,2023-09-19T10:20:44,2023,Québec,Clavulinopsis fusiformis,Clavulinopsis,Clavariaceae,https://www.inaturalist.org/observations/185011921,31G,"-442531,14+223757,90",D,1AY,30.0,2,F,,,,,F,85.0,VIN,"{'ES': 0.4, 'EO': 0.2, 'HG': 0.2, 'BJ': 0.1, 'FT': 0.1}",5,1.4708084763221112
4925938075,2024-08-15T13:28,2024,Québec,Clavulinopsis fusiformis,Clavulinopsis,Clavariaceae,https://www.inaturalist.org/observations/236020045,31G,"-567931,86+203724,61",D,5A,30.0,2,R,,,,,R,75.0,JIN,"{'EB': 0.4, 'PR': 0.2, 'PB': 0.1, 'RX': 0.1, 'SB': 0.1, 'FT': 0.1}",6,1.6094379124341
4924084863,2024-08-07T15:02:29,2024,Québec,Clavulinopsis fusiformis,Clavulinopsis,Clavariaceae,https://www.inaturalist.org/observations/234418127,31G,"-431499,33+237424,13",D,1AY,20.0,2,M,,,,,MF,75.0,VIN,"{'BJ': 0.4, 'BP': 0.1, 'ER': 0.1, 'TO': 0.2, 'PB': 0.1, 'SB': 0.1}",6,1.6094379124341003
4413834574,2023-09-01T11:46,2023,Québec,Clavulinopsis fusiformis,Clavulinopsis,Clavariaceae,https://www.inaturalist.org/observations/182388373,31G,"-552520,39+211055,56",A,1A,40.0,2,F,,,CP,,F,75.0,JIN,"{'BP': 0.4, 'FH': 0.2, 'EO': 0.1, 'ES': 0.1, 'FT': 0.1, 'RX': 0.1}",6,1.6094379124341
4407686450,2023-09-05T13:17:55,2023,Québec,Clavulinopsis fusiformis,Clavulinopsis,Clavariaceae,https://www.inaturalist.org/observations/181932717,31G,"-427403,52+215916,67",B,5S,30.0,2,F,,,,,F,85.0,50,"{'EO': 0.6, 'BP': 0.2, 'BJ': 0.1, 'PE': 0.1}",4,1.0888999753452235
4407086710,2023-08-22T10:47:14,2023,Québec,Clavulinopsis fusiformis,Clavulinopsis,Clavariaceae,https://www.inaturalist.org/observations/180841222,31G,"-555449,22+206623,35",D,1AY,30.0,1,M,,,CP,,MR,75.0,VIN,"{'PB': 0.7, 'CR': 0.1, 'ER': 0.1, 'FX': 0.1}",4,0.9404479886553263
4405199230,2023-08-28T11:16:09,2023,Québec,Clavulinopsis fusiformis,Clavulinopsis,Clavariaceae,https://www.inaturalist.org/observations/180629392,31G,"-545257,38+211625,55",D,1A,30.0,2,M,,,,,MM,75.0,VIN,"{'PB': 0.4, 'PU': 0.1, 'CR': 0.2, 'BP': 0.1, 'EO': 0.1, 'PE': 0.1}",6,1.6094379124341003
4400351990,2023-08-12T12:14:44,2023,Québec,Clavulinopsis fusiformis,Clavulinopsis,Clavariaceae,https://www.inaturalist.org/observations/178109546,31G,"-574818,28+200337,26",D,1AY,30.0,1,F,,,,,F,95.0,VIN,"{'ES': 0.7, 'FT': 0.1, 'HG': 0.1, 'TA': 0.1}",4,0.9404479886553263
4400231980,2023-08-14T19:03:44,2023,Québec,Clavulinopsis fusiformis,Clavulinopsis,Clavariaceae,https://www.inaturalist.org/observations/178446665,31G,"-440874,30+238993,24",C,1AY,30.0,3,M,,,,,MM,55.0,JIN,"{'SB': 0.3, 'EB': 0.2, 'BP': 0.3, 'EO': 0.1, 'PE': 0.1}",5,1.5047882836811908
4400205010,2023-08-11T14:48:03,2023,Québec,Clavulinopsis fusiformis,Clavulinopsis,Clavariaceae,https://www.inaturalist.org/observations/178162480,31G,"-566087,16+227242,14",D,1AY,30.0,1,F,,,CJ,2005.0,F,75.0,VIN,"{'ES': 0.8, 'BJ': 0.1, 'HG': 0.1}",3,0.639031859650177
4400089457,2023-08-19T16:01:20,2023,Québec,Clavulinopsis fusiformis,Clavulinopsis,Clavariaceae,https://www.inaturalist.org/observations/179664666,31G,"-571375,44+199718,83",C,1AM,30.0,1,F,,,,,F,95.0,JIN,"{'CR': 0.3, 'ES': 0.2, 'FT': 0.1, 'HG': 0.1, 'TA': 0.1, 'PB': 0.2}",6,1.6957425341696346
4399981251,2023-08-21T06:43:23,2023,Québec,Clavulinopsis fusiformis,Clavulinopsis,Clavariaceae,https://www.inaturalist.org/observations/179557819,31G,"-570516,29+217050,27",D,1AM,20.0,1,M,,,,,MF,85.0,VIN,"{'PE': 0.3, 'ES': 0.2, 'CR': 0.1, 'FT': 0.1, 'PB': 0.3}",5,1.5047882836811908
4176945638,2023-08-09T15:02:21,2023,Québec,Clavulinopsis fusiformis,Clavulinopsis,Clavariaceae,https://www.inaturalist.org/observations/177550706,31G,"-426637,35+225598,09",D,1AY,30.0,1,F,,,,,F,75.0,VIN,"{'ES': 0.3, 'BJ': 0.2, 'EO': 0.2, 'CR': 0.1, 'HG': 0.1, 'PU': 0.1}",6,1.6957425341696346
4172330758,2023-08-07T12:30:42,2023,Québec,Clavulinopsis fusiformis,Clavulinopsis,Clavariaceae,https://www.inaturalist.org/observations/177400553,31G,"-432534,42+236601,35",B,1A,40.0,2,M,,,,,MM,75.0,VIN,"{'SB': 0.3, 'EB': 0.1, 'TO': 0.1, 'BP': 0.2, 'EO': 0.2, 'PE': 0.1}",6,1.6957425341696346
4171547751,2023-08-04T14:58:26,2023,Québec,Clavulinopsis fusiformis,Clavulinopsis,Clavariaceae,https://www.inaturalist.org/observations/177283965,31G,"-580145,95+200559,17",D,R1A,20.0,2,F,,,,,F,75.0,VIN,"{'ES': 0.4, 'CR': 0.2, 'FT': 0.1, 'HG': 0.1, 'PB': 0.1, 'PU': 0.1}",6,1.6094379124341
3988526559,2022-09-11T14:47:34,2022,Québec,Clavulinopsis fusiformis,Clavulinopsis,Clavariaceae,https://www.inaturalist.org/observations/134754665,31G,"-578556,01+206980,36",D,R1A,20.0,2,M,,,,,MF,75.0,VIN,"{'CR': 0.2, 'ES': 0.2, 'FT': 0.1, 'HG': 0.1, 'PU': 0.4}",5,1.4708084763221114
3903374110,2022-09-04T14:25:19,2022,Québec,Clavulinopsis fusiformis,Clavulinopsis,Clavariaceae,https://www.inaturalist.org/observations/133753852,31G,"-572858,47+205349,91",D,1AY,30.0,2,M,,,CP,,MF,75.0,VIN,"{'ES': 0.4, 'CR': 0.1, 'FT': 0.1, 'PU': 0.3, 'PB': 0.1}",5,1.4184836619456564
3903025338,2022-08-27T11:13,2022,Québec,Clavulinopsis fusiformis,Clavulinopsis,Clavariaceae,https://www.inaturalist.org/observations/132717299,31G,"-574046,49+187332,05",A,5A,30.0,2,F,,,CP,,F,75.0,VIN,"{'FT': 0.3, 'PE': 0.3, 'EO': 0.1, 'ES': 0.1, 'FR': 0.1, 'TO': 0.1}",6,1.6434177197931796
3881803763,2020-09-06T14:08:09,2020,Québec,Clavulinopsis fusiformis,Clavulinopsis,Clavariaceae,https://www.inaturalist.org/observations/128322225,31G,"-571327,71+216564,43",D,1AY,30.0,1,M,,,,,MM,75.0,VIN,"{'PB': 0.4, 'PR': 0.1, 'PE': 0.3, 'CR': 0.2}",4,1.2798542258336676
3696079746,1918-08-04,1918,Québec,Clavulinopsis fusiformis,Clavulinopsis,Clavariaceae,95cbceaf-9243-47d3-8d54-496719f41ed5,31G,"-433178,28+142724,78",A,1A,40.0,3,F,,,,,F,45.0,JIN,"{'FN': 0.7, 'PE': 0.2, 'FT': 0.1}",3,0.8018185525433372
3079718963,2020-09-16T12:17,2020,Québec,Clavulinopsis fusiformis,Clavulinopsis,Clavariaceae,https://www.inaturalist.org/observations/59817687,31G,"-576457,19+204747,93",C,1A,30.0,3,M,,,,,MF,75.0,50,"{'ER': 0.3, 'FI': 0.2, 'FT': 0.2, 'PB': 0.2, 'RX': 0.1}",5,1.5571130980576458
3031828967,2020-09-06T12:06:39,2020,Québec,Clavulinopsis fusiformis,Clavulinopsis,Clavariaceae,https://www.inaturalist.org/observations/59523564,31G,"-441693,54+222190,77",D,1A,31.0,2,F,,,,,F,85.0,50,"{'EO': 0.3, 'BJ': 0.2, 'ES': 0.2, 'HG': 0.2, 'BP': 0.1}",5,1.5571130980576458
3031628954,2020-09-06T12:07:27,2020,Québec,Clavulinopsis fusiformis,Clavulinopsis,Clavariaceae,https://www.inaturalist.org/observations/59523933,31G,"-444671,90+219924,15",C,1A,30.0,2,M,,,,,MF,65.0,50,"{'EO': 0.4, 'ES': 0.2, 'FI': 0.1, 'SB': 0.2, 'RX': 0.1}",5,1.4708084763221112
3017960491,2020-08-27T15:09:34,2020,Québec,Clavulinopsis fusiformis,Clavulinopsis,Clavariaceae,https://www.inaturalist.org/observations/57975850,31G,"-571104,21+224786,31",C,1AY,30.0,1,F,,,,,F,95.0,JIN,"{'ES': 0.7, 'BP': 0.1, 'FT': 0.1, 'HG': 0.1}",4,0.9404479886553263
2868287501,2020-09-06T15:08:42,2020,Québec,Clavulinopsis fusiformis,Clavulinopsis,Clavariaceae,https://www.inaturalist.org/observations/58842500,31G,"-434704,94+222620,28",C,1AY,30.0,2,M,,,,,MF,75.0,70,"{'EO': 0.3, 'BP': 0.2, 'PE': 0.2, 'EB': 0.1, 'RX': 0.1, 'SB': 0.1}",6,1.6957425341696346
2868274843,2020-09-19T11:03,2020,Québec,Clavulinopsis fusiformis,Clavulinopsis,Clavariaceae,https://www.inaturalist.org/observations/60145340,31G,"-508792,87+203893,20",B,R1A,30.0,2,M,,,,,MF,85.0,JIN,"{'CR': 0.3, 'FT': 0.2, 'BP': 0.1, 'EO': 0.1, 'PB': 0.2, 'RX': 0.1}",6,1.6957425341696346
2579334732,2018-09-06T11:08:53,2018,Québec,Clavulinopsis fusiformis,Clavulinopsis,Clavariaceae,https://www.inaturalist.org/observations/24154227,31G,"-425964,35+238166,13",D,1AY,30.0,2,M,,,,,MM,75.0,VIN,"{'PB': 0.2, 'SB': 0.2, 'EB': 0.1, 'BP': 0.3, 'FT': 0.1, 'PE': 0.1}",6,1.6957425341696346
2563640603,2018-09-02,2018,Québec,Clavulinopsis fusiformis,Clavulinopsis,Clavariaceae,https://www.inaturalist.org/observations/38088889,31G,"-539958,69+197716,12",A,3AN,50.0,1,F,,,,,F,65.0,VIN,"{'FR': 0.7, 'EA': 0.2, 'FT': 0.1}",3,0.8018185525433372
2423610916,1987-08-08,1987,Québec,Clavulinopsis fusiformis,Clavulinopsis,Clavariaceae,CMMF018875,31G,"-426097,89+237816,10",D,1AY,30.0,2,F,,,,,F,75.0,VIN,"{'BP': 0.4, 'EO': 0.2, 'ES': 0.2, 'PE': 0.1, 'SB': 0.1}",5,1.4708084763221112
1920805576,2018-09-29T11:09,2018,Québec,Clavulinopsis fusiformis,Clavulinopsis,Clavariaceae,https://www.inaturalist.org/observations/17255045,31G,"-508792,87+203893,20",B,R1A,30.0,2,M,,,,,MF,85.0,JIN,"{'CR': 0.3, 'FT': 0.2, 'BP': 0.1, 'EO': 0.1, 'PB': 0.2, 'RX': 0.1}",6,1.6957425341696346
1135069048,1979-09-15,1979,Québec,Clavulinopsis fusiformis,Clavulinopsis,Clavariaceae,CMMF007651,31G,"-426019,46+237738,62",D,1AY,31.0,2,F,,,,,F,75.0,VIN,"{'BP': 0.5, 'EO': 0.2, 'PE': 0.1, 'EB': 0.1, 'SB': 0.1}",5,1.3592367006650063
891746869,2013-10-01T11:22:31,2013,Québec,Clavulinopsis fusiformis,Clavulinopsis,Clavariaceae,http://www.inaturalist.org/observations/416354,31H,"-426309,73+175656,98",A,5S,30.0,1,F,,,,,F,85.0,VIN,"{'ES': 0.6, 'HG': 0.2, 'EO': 0.1, 'FT': 0.1}",4,1.0888999753452235
617547671,1990-08-02,1990,Québec,Clavulinopsis fusiformis,Clavulinopsis,Clavariaceae,CMMF001070,31H,"-383494,49+220655,34",D,5S,20.0,2,F,,,,,F,65.0,JIN,"{'EO': 0.3, 'EA': 0.2, 'PE': 0.2, 'FN': 0.1, 'FR': 0.1, 'FT': 0.1}",6,1.6957425341696346
4993808916,2023-08-20T16:15:23,2023,Québec,Clavulinopsis fusiformis,Clavulinopsis,Clavariaceae,https://www.inaturalist.org/observations/179414101,31H,"-310214,36+140452,20",D,1AM,20.0,3,M,,,,,MF,75.0,VIN,"{'EO': 0.4, 'BJ': 0.1, 'FT': 0.1, 'PB': 0.2, 'EU': 0.1, 'SB': 0.1}",6,1.6094379124341003
4926330057,2024-08-18T10:50:57,2024,Québec,Clavulinopsis fusiformis,Clavulinopsis,Clavariaceae,https://www.inaturalist.org/observations/236613103,31H,"-290449,51+170199,72",B,1A,30.0,2,M,,,,,MM,75.0,70,"{'PU': 0.4, 'SB': 0.1, 'BJ': 0.2, 'EO': 0.2, 'FT': 0.1}",5,1.4708084763221114
4926308711,2024-08-13T17:50:35,2024,Québec,Clavulinopsis fusiformis,Clavulinopsis,Clavariaceae,https://www.inaturalist.org/observations/235649093,31H,"-289747,60+165466,88",C,1AM,20.0,2,M,,,,,MF,75.0,VIN,"{'BJ': 0.2, 'ES': 0.2, 'FR': 0.2, 'TA': 0.1, 'EU': 0.1, 'PU': 0.1, 'SB': 0.1}",7,1.8866967846580782
4923935412,2024-08-09T13:45:15,2024,Québec,Clavulinopsis fusiformis,Clavulinopsis,Clavariaceae,https://www.inaturalist.org/observations/235193670,31H,"-276495,47+159059,69",B,1A,30.0,3,F,,,,,F,95.0,30,"{'BG': 0.4, 'EO': 0.3, 'PE': 0.2, 'FT': 0.1}",4,1.2798542258336674
4923633247,2024-08-08T17:16,2024,Québec,Clavulinopsis fusiformis,Clavulinopsis,Clavariaceae,https://www.inaturalist.org/observations/235326756,31H,"-301658,31+147717,18",D,1AY,30.0,1,F,,,,,F,95.0,VIN,"{'ES': 0.6, 'BJ': 0.1, 'FR': 0.1, 'FT': 0.1, 'HG': 0.1}",5,1.2275294114572126
4919401546,2024-07-21T11:21:48,2024,Québec,Clavulinopsis fusiformis,Clavulinopsis,Clavariaceae,https://www.inaturalist.org/observations/232565634,31H,"-287921,32+162752,95",B,1A,40.0,3,M,,,,,MR,85.0,JIN,"{'PU': 0.3, 'SB': 0.2, 'RX': 0.1, 'PE': 0.2, 'EO': 0.1, 'FH': 0.1}",6,1.6957425341696346
4525205935,2023-08-12T12:33,2023,Québec,Clavulinopsis fusiformis,Clavulinopsis,Clavariaceae,https://www.inaturalist.org/observations/199412366,31H,"-415849,60+186758,99",B,5A,40.0,3,F,,,,,F,35.0,JIN,"{'EO': 0.3, 'PE': 0.3, 'FT': 0.2, 'FH': 0.1, 'FN': 0.1}",5,1.5047882836811908
4512092931,2023-09-22T14:25:30,2023,Québec,Clavulinopsis fusiformis,Clavulinopsis,Clavariaceae,https://www.inaturalist.org/observations/184607747,31H,"-363886,31+183806,04",C,1AY,30.0,1,F,,,,,F,35.0,VIN,"{'ES': 0.5, 'HG': 0.2, 'CR': 0.1, 'FT': 0.1, 'TA': 0.1}",5,1.3592367006650063
4416782655,2023-09-21T10:52,2023,Québec,Clavulinopsis fusiformis,Clavulinopsis,Clavariaceae,https://www.inaturalist.org/observations/184309171,31H,"-415335,05+204142,65",A,5S,40.0,3,F,,,,,F,75.0,JIN,"{'EO': 0.9, 'RX': 0.1}",2,0.3250829733914482
4414220903,2023-09-16T15:54:19,2023,Québec,Clavulinopsis fusiformis,Clavulinopsis,Clavariaceae,https://www.inaturalist.org/observations/183555888,31H,"-276472,83+159200,75",B,1A,30.0,2,M,,,,,MF,75.0,70,"{'EO': 0.2, 'BJ': 0.1, 'FR': 0.1, 'FT': 0.1, 'OR': 0.1, 'SB': 0.4}",6,1.6094379124341
4413880418,2023-09-09T12:24,2023,Québec,Clavulinopsis fusiformis,Clavulinopsis,Clavariaceae,https://www.inaturalist.org/observations/182689363,31H,"-325739,57+169912,50",B,1A,30.0,1,F,,,,,F,95.0,VIN,"{'ES': 0.4, 'EO': 0.2, 'FR': 0.1, 'FT': 0.1, 'HG': 0.1, 'RX': 0.1}",6,1.6094379124341
4407513633,2023-09-05T12:42:14,2023,Québec,Clavulinopsis fusiformis,Clavulinopsis,Clavariaceae,https://www.inaturalist.org/observations/181968740,31H,"-289747,60+165466,88",C,1AM,20.0,2,M,,,,,MF,75.0,VIN,"{'BJ': 0.2, 'ES': 0.2, 'FR': 0.2, 'TA': 0.1, 'EU': 0.1, 'PU': 0.1, 'SB': 0.1}",7,1.8866967846580782
4407460982,2023-09-03T14:05,2023,Québec,Clavulinopsis fusiformis,Clavulinopsis,Clavariaceae,https://www.inaturalist.org/observations/181664277,31H,"-383408,29+218286,94",A,5S,30.0,1,F,,,,,F,85.0,VIN,"{'ES': 0.8, 'EO': 0.1, 'FT': 0.1}",3,0.639031859650177
4405374516,2023-08-24T15:28:24,2023,Québec,Clavulinopsis fusiformis,Clavulinopsis,Clavariaceae,https://www.inaturalist.org/observations/180051994,31H,"-328791,10+166587,96",B,1A,40.0,2,M,,,,,MR,65.0,50,"{'PB': 0.5, 'EB': 0.1, 'EO': 0.2, 'EA': 0.1, 'FH': 0.1}",5,1.3592367006650063
4400192437,2023-08-21T09:12,2023,Québec,Clavulinopsis fusiformis,Clavulinopsis,Clavariaceae,https://www.inaturalist.org/observations/179608564,31H,"-362910,56+185221,31",E,1AY,30.0,2,F,,,,,F,55.0,VIN,"{'ES': 0.6, 'FT': 0.2, 'HG': 0.2}",3,0.9502705392332347
4400146548,2023-08-21T09:12,2023,Québec,Clavulinopsis fusiformis,Clavulinopsis,Clavariaceae,https://www.inaturalist.org/observations/179608565,31H,"-362910,56+185221,31",E,1AY,30.0,2,F,,,,,F,55.0,VIN,"{'ES': 0.6, 'FT': 0.2, 'HG': 0.2}",3,0.9502705392332347
4399965777,2023-08-21T09:13,2023,Québec,Clavulinopsis fusiformis,Clavulinopsis,Clavariaceae,https://www.inaturalist.org/observations/179608566,31H,"-362910,56+185221,31",E,1AY,30.0,2,F,,,,,F,55.0,VIN,"{'ES': 0.6, 'FT': 0.2, 'HG': 0.2}",3,0.9502705392332347
4177125235,2023-08-05T11:20,2023,Québec,Clavulinopsis fusiformis,Clavulinopsis,Clavariaceae,https://www.inaturalist.org/observations/177429309,31H,"-303443,61+142860,04",D,2A,20.0,2,M,,,,,MF,85.0,JIN,"{'EO': 0.3, 'BG': 0.1, 'FT': 0.1, 'PE': 0.1, 'SB': 0.2, 'PB': 0.1, 'RX': 0.1}",7,1.8343719702816235
4171472917,2023-08-05T11:20:28,2023,Québec,Clavulinopsis fusiformis,Clavulinopsis,Clavariaceae,https://www.inaturalist.org/observations/176837782,31H,"-303443,61+142860,04",D,2A,20.0,2,M,,,,,MF,85.0,JIN,"{'EO': 0.3, 'BG': 0.1, 'FT': 0.1, 'PE': 0.1, 'SB': 0.2, 'PB': 0.1, 'RX': 0.1}",7,1.8343719702816235
4145476481,2022-09-10T11:24:19,2022,Québec,Clavulinopsis fusiformis,Clavulinopsis,Clavariaceae,https://www.inaturalist.org/observations/144018752,31H,"-323286,48+168844,87",A,1A,30.0,2,F,,,,,F,95.0,JIN,"{'EO': 0.3, 'BJ': 0.2, 'FR': 0.1, 'FT': 0.1, 'PE': 0.1, 'PU': 0.1, 'RX': 0.1}",7,1.8343719702816235
4046216081,2022-09-26T15:00,2022,Québec,Clavulinopsis fusiformis,Clavulinopsis,Clavariaceae,https://www.inaturalist.org/observations/149680716,31H,"-280987,50+162444,59",A,1A,30.0,3,M,,,,,MF,65.0,JIN,"{'EO': 0.3, 'BG': 0.2, 'PE': 0.1, 'SB': 0.2, 'PB': 0.1, 'RX': 0.1}",6,1.6957425341696346
4034612527,2022-09-25T11:43:09,2022,Québec,Clavulinopsis fusiformis,Clavulinopsis,Clavariaceae,https://www.inaturalist.org/observations/143978089,31H,"-352790,58+152658,55",A,5S,40.0,3,F,,,,,F,85.0,30,"{'BG': 0.4, 'EO': 0.3, 'PE': 0.3}",3,1.0888999753452238
4034595487,2022-09-25T11:47,2022,Québec,Clavulinopsis fusiformis,Clavulinopsis,Clavariaceae,https://www.inaturalist.org/observations/143946474,31H,"-352790,58+152658,55",A,5S,40.0,3,F,,,,,F,85.0,30,"{'BG': 0.4, 'EO': 0.3, 'PE': 0.3}",3,1.0888999753452238
3988500557,2022-09-09T13:47,2022,Québec,Clavulinopsis fusiformis,Clavulinopsis,Clavariaceae,https://www.inaturalist.org/observations/134630575,31H,"-298801,90+172023,08",B,2A,30.0,2,F,,,,,F,75.0,70,"{'EO': 0.5, 'BJ': 0.1, 'FH': 0.1, 'PE': 0.1, 'TO': 0.2}",5,1.3592367006650063
3963509550,2022-09-20T16:23:57,2022,Québec,Clavulinopsis fusiformis,Clavulinopsis,Clavariaceae,https://www.inaturalist.org/observations/135831304,31H,"-408078,95+133986,86",A,1A,30.0,2,F,,,,,F,75.0,JIN,"{'EO': 0.3, 'FT': 0.2, 'PE': 0.2, 'BG': 0.1, 'BP': 0.1, 'FR': 0.1}",6,1.6957425341696346
3923454016,2022-09-29T14:47:43,2022,Québec,Clavulinopsis fusiformis,Clavulinopsis,Clavariaceae,https://www.inaturalist.org/observations/136944316,31H,"-329428,32+167316,64",B,1AY,30.0,1,F,,,,,F,85.0,VIN,"{'ES': 0.5, 'FT': 0.2, 'EO': 0.1, 'FH': 0.1, 'FR': 0.1}",5,1.3592367006650063
3903505066,2022-09-09T13:50:19,2022,Québec,Clavulinopsis fusiformis,Clavulinopsis,Clavariaceae,https://www.inaturalist.org/observations/134320782,31H,"-298801,90+172023,08",B,2A,30.0,2,F,,,,,F,75.0,70,"{'EO': 0.5, 'BJ': 0.1, 'FH': 0.1, 'PE': 0.1, 'TO': 0.2}",5,1.3592367006650063
3903466208,2022-09-09T13:44:30,2022,Québec,Clavulinopsis fusiformis,Clavulinopsis,Clavariaceae,https://www.inaturalist.org/observations/134320166,31H,"-298801,90+172023,08",B,2A,30.0,2,F,,,,,F,75.0,70,"{'EO': 0.5, 'BJ': 0.1, 'FH': 0.1, 'PE': 0.1, 'TO': 0.2}",5,1.3592367006650063
3903449409,2022-09-09T13:42:24,2022,Québec,Clavulinopsis fusiformis,Clavulinopsis,Clavariaceae,https://www.inaturalist.org/observations/134319861,31H,"-298801,90+172023,08",B,2A,30.0,2,F,,,,,F,75.0,70,"{'EO': 0.5, 'BJ': 0.1, 'FH': 0.1, 'PE': 0.1, 'TO': 0.2}",5,1.3592367006650063
3903143076,2022-08-27T14:50:30,2022,Québec,Clavulinopsis fusiformis,Clavulinopsis,Clavariaceae,https://www.inaturalist.org/observations/133607755,31H,"-295337,66+146710,94",B,1AY,30.0,1,F,,,,,F,85.0,VIN,"{'ES': 0.6, 'EO': 0.2, 'BJ': 0.1, 'FT': 0.1}",4,1.0888999753452235
3902952093,2022-09-09T13:50:30,2022,Québec,Clavulinopsis fusiformis,Clavulinopsis,Clavariaceae,https://www.inaturalist.org/observations/134320958,31H,"-298801,90+172023,08",B,2A,30.0,2,F,,,,,F,75.0,70,"{'EO': 0.5, 'BJ': 0.1, 'FH': 0.1, 'PE': 0.1, 'TO': 0.2}",5,1.3592367006650063
3892316732,2022-08-10T16:49:21,2022,Québec,Clavulinopsis fusiformis,Clavulinopsis,Clavariaceae,https://www.inaturalist.org/observations/130381364,31H,"-321044,89+126313,79",D,1AY,30.0,1,F,,,,,F,85.0,JIN,"{'ES': 0.5, 'BJ': 0.2, 'EO': 0.1, 'FR': 0.1, 'FT': 0.1}",5,1.3592367006650063
3343778568,2020-09-05T17:40:19,2020,Québec,Clavulinopsis fusiformis,Clavulinopsis,Clavariaceae,https://www.inaturalist.org/observations/88079981,31H,"-334973,97+140907,79",B,1A,40.0,2,M,,,,,MF,85.0,JIN,"{'EO': 0.3, 'BJ': 0.1, 'FR': 0.1, 'FT': 0.1, 'PU': 0.2, 'SB': 0.1, 'TO': 0.1}",7,1.8343719702816235
3039148640,2020-08-22T14:30:32,2020,Québec,Clavulinopsis fusiformis,Clavulinopsis,Clavariaceae,https://www.inaturalist.org/observations/57252323,31H,"-323795,17+141556,05",B,1A,30.0,2,M,,,,,MM,95.0,JIN,"{'PU': 0.3, 'PB': 0.1, 'SE': 0.1, 'EO': 0.2, 'BJ': 0.1, 'FI': 0.1, 'FT': 0.1}",7,1.8343719702816235
2579322068,2014-08-20T09:36,2014,Québec,Clavulinopsis fusiformis,Clavulinopsis,Clavariaceae,https://www.inaturalist.org/observations/39645905,31H,"-329216,08+150891,22",D,1AY,20.0,1,F,,,,,F,75.0,VIN,"{'ES': 0.8, 'FR': 0.1, 'FT': 0.1}",3,0.639031859650177
2576307221,2015-09-08T17:18,2015,Québec,Clavulinopsis fusiformis,Clavulinopsis,Clavariaceae,https://www.inaturalist.org/observations/35508953,31H,"-324003,64+132472,36",D,2BD,10.0,1,F,,,,,F,95.0,JIN,"{'ES': 0.4, 'EO': 0.3, 'FT': 0.1, 'PE': 0.1, 'RX': 0.1}",5,1.4184836619456564
2366151022,2019-08-22T11:30:37,2019,Québec,Clavulinopsis fusiformis,Clavulinopsis,Clavariaceae,https://www.inaturalist.org/observations/31293646,31H,"-287760,39+139750,05",C,1AY,30.0,2,F,,,,,F,85.0,JIN,"{'ES': 0.7, 'BJ': 0.1, 'FR': 0.1, 'FT': 0.1}",4,0.9404479886553263
1891320377,2018-08-12T13:31,2018,Québec,Clavulinopsis fusiformis,Clavulinopsis,Clavariaceae,https://www.inaturalist.org/observations/15369946,31H,"-306846,34+138628,25",D,1AM,20.0,3,F,,,,,F,95.0,JIN,"{'BP': 0.3, 'EO': 0.3, 'ES': 0.3, 'FT': 0.1}",4,1.313834033192747
1571063311,2013-10-01T11:11:51,2013,Québec,Clavulinopsis fusiformis,Clavulinopsis,Clavariaceae,http://www.inaturalist.org/observations/416356,31H,"-426319,40+175881,21",A,5S,30.0,1,F,,,,,F,95.0,70,"{'ES': 0.3, 'HG': 0.3, 'FT': 0.2, 'CR': 0.1, 'EO': 0.1}",5,1.5047882836811908
1453116094,2013-10-01T12:04,2013,Québec,Clavulinopsis fusiformis,Clavulinopsis,Clavariaceae,http://www.inaturalist.org/observations/416348,31H,"-426319,40+175881,21",A,5S,30.0,1,F,,,,,F,95.0,70,"{'ES': 0.3, 'HG': 0.3, 'FT': 0.2, 'CR': 0.1, 'EO': 0.1}",5,1.5047882836811908
1412709324,1980-08-15,1980,Québec,Clavulinopsis fusiformis,Clavulinopsis,Clavariaceae,CMMF017789,31H,"-426285,67+175462,48",A,5S,30.0,1,R,P,,,,R,85.0,50,"{'EV': 0.3, 'EU': 0.2, 'EB': 0.1, 'PB': 0.1, 'PG': 0.1, 'PR': 0.1, 'FT': 0.1}",7,1.8343719702816235
1412709092,1980-08-07,1980,Québec,Clavulinopsis fusiformis,Clavulinopsis,Clavariaceae,CMMF017514,31H,"-426285,67+175462,48",A,5S,30.0,1,R,P,,,,R,85.0,50,"{'EV': 0.3, 'EU': 0.2, 'EB': 0.1, 'PB': 0.1, 'PG': 0.1, 'PR': 0.1, 'FT': 0.1}",7,1.8343719702816235
1412709053,1980-08-15,1980,Québec,Clavulinopsis fusiformis,Clavulinopsis,Clavariaceae,CMMF017594,31H,"-426285,67+175462,48",A,5S,30.0,1,R,P,,,,R,85.0,50,"{'EV': 0.3, 'EU': 0.2, 'EB': 0.1, 'PB': 0.1, 'PG': 0.1, 'PR': 0.1, 'FT': 0.1}",7,1.8343719702816235
1412706024,1980-09-06,1980,Québec,Clavulinopsis fusiformis,Clavulinopsis,Clavariaceae,CMMF014545,31H,"-364295,33+163229,82",S,R1A,10.0,3,F,,,,,F,85.0,VIN,"{'CR': 0.8, 'ER': 0.1, 'PU': 0.1}",3,0.639031859650177
1412704209,1947-08-05,1947,Québec,Clavulinopsis fusiformis,Clavulinopsis,Clavariaceae,CMMF012314,31H,"-331305,54+165266,10",D,3AN,31.0,1,F,,,,,F,75.0,VIN,"{'ES': 0.3, 'EA': 0.2, 'EO': 0.2, 'FR': 0.1, 'FT': 0.1, 'HG': 0.1}",6,1.6957425341696346
1412704180,1947-07-24,1947,Québec,Clavulinopsis fusiformis,Clavulinopsis,Clavariaceae,CMMF012315,31H,"-322359,70+161271,55",C,1AY,20.0,2,F,,,,,F,65.0,JIN,"{'ES': 0.5, 'FT': 0.2, 'BG': 0.1, 'EO': 0.1, 'FR': 0.1}",5,1.3592367006650063
617553216,2000-09-08,2000,Québec,Clavulinopsis fusiformis,Clavulinopsis,Clavariaceae,CMMF003502,31I,"-405841,67+243195,20",A,2BE,30.0,2,F,,,,,F,75.0,70,"{'EO': 0.5, 'BP': 0.3, 'FT': 0.1, 'SE': 0.1}",4,1.1682824501765625
4976541331,2024-09-02T11:32:55,2024,Québec,Clavulinopsis fusiformis,Clavulinopsis,Clavariaceae,https://www.inaturalist.org/observations/239407862,31I,"-402719,69+249621,65",D,1AM,30.0,1,F,,,,,F,75.0,VIN,"{'ES': 0.5, 'BJ': 0.2, 'EO': 0.1, 'FT': 0.1, 'HG': 0.1}",5,1.3592367006650063
4936015100,2024-08-26T11:53:47,2024,Québec,Clavulinopsis fusiformis,Clavulinopsis,Clavariaceae,https://www.inaturalist.org/observations/238989084,31I,"-351703,50+318750,58",D,1AY,30.0,2,M,,,,,MF,85.0,VIN,"{'ES': 0.3, 'BJ': 0.2, 'BP': 0.1, 'EO': 0.1, 'TO': 0.2, 'SB': 0.1}",6,1.6957425341696346
4921945445,2024-07-28T11:07:04,2024,Québec,Clavulinopsis fusiformis,Clavulinopsis,Clavariaceae,https://www.inaturalist.org/observations/232803992,31I,"-341488,42+304752,40",D,1AY,30.0,1,F,,,,,F,85.0,VIN,"{'ES': 0.4, 'BJ': 0.3, 'EO': 0.2, 'RX': 0.1}",4,1.2798542258336674
4413408023,2023-07-20T10:39:48,2023,Québec,Clavulinopsis fusiformis,Clavulinopsis,Clavariaceae,https://www.inaturalist.org/observations/175088477,31I,"-329885,88+294977,02",D,1AM,20.0,4,F,,,,,F,75.0,10,"{'BP': 0.3, 'PE': 0.3, 'EO': 0.2, 'FN': 0.2}",4,1.366158847569202
4399970034,2023-08-15T14:20:08,2023,Québec,Clavulinopsis fusiformis,Clavulinopsis,Clavariaceae,https://www.inaturalist.org/observations/178602982,31I,"-313341,29+286244,59",A,6S,30.0,2,F,,,,,F,95.0,JIN,"{'EO': 0.4, 'ES': 0.2, 'BJ': 0.1, 'FT': 0.1, 'RX': 0.1, 'SB': 0.1}",6,1.6094379124341
4172176260,2023-08-04T15:12:56,2023,Québec,Clavulinopsis fusiformis,Clavulinopsis,Clavariaceae,https://www.inaturalist.org/observations/177294440,31I,"-367855,04+296942,78",D,1A,30.0,2,F,,,,,F,85.0,VIN,"{'ES': 0.6, 'EO': 0.2, 'BJ': 0.1, 'FI': 0.1}",4,1.0888999753452235
4018137366,2015-08-23T20:44,2015,Québec,Clavulinopsis fusiformis,Clavulinopsis,Clavariaceae,https://www.inaturalist.org/observations/57681267,31I,"-361468,96+294022,50",F,1AM,20.0,2,M,BR,1922.0,,,MM,85.0,90,"{'EU': 0.3, 'RX': 0.1, 'SB': 0.1, 'BP': 0.3, 'EO': 0.1, 'PE': 0.1}",6,1.6434177197931796
3988487669,2022-08-26T16:19:12,2022,Québec,Clavulinopsis fusiformis,Clavulinopsis,Clavariaceae,https://www.inaturalist.org/observations/143161250,31I,"-330299,33+315736,65",D,R1A,20.0,3,M,,,,,MR,85.0,JIN,"{'SB': 0.4, 'EU': 0.2, 'RX': 0.1, 'EO': 0.2, 'BP': 0.1}",5,1.4708084763221112
3705457475,2011-09-04T09:26,2011,Québec,Clavulinopsis fusiformis,Clavulinopsis,Clavariaceae,https://www.inaturalist.org/observations/103581529,31I,"-344222,68+307778,76",F,1AM,20.0,2,M,,,,,MF,65.0,VIN,"{'EO': 0.3, 'BJ': 0.2, 'BP': 0.1, 'SB': 0.2, 'EU': 0.1, 'TO': 0.1}",6,1.6957425341696346
3337610622,2021-08-08T14:12:21,2021,Québec,Clavulinopsis fusiformis,Clavulinopsis,Clavariaceae,https://www.inaturalist.org/observations/90425517,31I,"-321025,98+293727,42",A,5S,30.0,2,M,,,,,MR,85.0,JIN,"{'SB': 0.3, 'EU': 0.2, 'PB': 0.1, 'EO': 0.3, 'FI': 0.1}",5,1.5047882836811908
3333301725,2021-07-22T11:25,2021,Québec,Clavulinopsis fusiformis,Clavulinopsis,Clavariaceae,https://www.inaturalist.org/observations/88253722,31I,"-307558,58+279079,08",A,5S,40.0,3,F,,,,,F,65.0,30,"{'EO': 0.3, 'BG': 0.2, 'FO': 0.2, 'FN': 0.1, 'ML': 0.1, 'SB': 0.1}",6,1.6957425341696346
3013870487,2020-08-23T12:51:46,2020,Québec,Clavulinopsis fusiformis,Clavulinopsis,Clavariaceae,https://www.inaturalist.org/observations/57723246,31I,"-339990,67+321796,31",B,1AM,30.0,2,M,,,,,MR,85.0,VIN,"{'EU': 0.4, 'SB': 0.2, 'BJ': 0.2, 'BP': 0.1, 'EO': 0.1}",5,1.4708084763221112
2850971858,2020-07-27T14:43,2020,Québec,Clavulinopsis fusiformis,Clavulinopsis,Clavariaceae,https://www.inaturalist.org/observations/54618047,31I,"-321003,31+316512,93",B,2BE,30.0,2,R,,,,,R,65.0,VIN,"{'EU': 0.3, 'PB': 0.2, 'SB': 0.2, 'RX': 0.1, 'FI': 0.1, 'FT': 0.1}",6,1.6957425341696346
2850691999,2019-09-01T16:20:50,2019,Québec,Clavulinopsis fusiformis,Clavulinopsis,Clavariaceae,https://www.inaturalist.org/observations/55906570,31I,"-321802,81+300538,57",B,5S,30.0,2,F,,,,,F,85.0,50,"{'EO': 0.5, 'PE': 0.4, 'BP': 0.1}",3,0.9433483923290391
1701558063,2017-08-09,2017,Québec,Clavulinopsis fusiformis,Clavulinopsis,Clavariaceae,UdeM:CMMF:Blitz2017:37,31I,"-353452,72+267526,33",D,5SY,20.0,1,F,,,,,F,95.0,VIN,"{'FT': 0.5, 'ES': 0.3, 'EO': 0.1, 'FI': 0.1}",4,1.1682824501765625
1412706067,1979-08-06,1979,Québec,Clavulinopsis fusiformis,Clavulinopsis,Clavariaceae,CMMF014544,31I,"-282091,07+323849,80",D,1A,30.0,1,M,,,,,MR,75.0,VIN,"{'PU': 0.4, 'EU': 0.2, 'RX': 0.1, 'BJ': 0.2, 'ER': 0.1}",5,1.4708084763221112
1135069124,1978-08-12,1978,Québec,Clavulinopsis fusiformis,Clavulinopsis,Clavariaceae,CMMF007723,31I,"-404200,84+269466,89",B,2A,20.0,1,R,,,,,R,75.0,70,"{'ML': 0.7, 'PB': 0.1, 'PR': 0.1, 'SB': 0.1}",4,0.9404479886553263
4923818244,2024-08-11T11:39:33,2024,Québec,Clavulinopsis fusiformis,Clavulinopsis,Clavariaceae,https://www.inaturalist.org/observations/235132429,31J,"-432112,35+272202,81",B,1A,30.0,2,F,,,,,F,75.0,JIN,"{'BP': 0.4, 'EO': 0.2, 'FT': 0.1, 'PE': 0.1, 'SB': 0.2}",5,1.4708084763221112
4910728538,2024-07-18T14:09,2024,Québec,Clavulinopsis fusiformis,Clavulinopsis,Clavariaceae,https://www.inaturalist.org/observations/230609412,31J,"-460987,40+277950,10",D,2A,20.0,1,F,,,,,F,95.0,VIN,"{'ES': 0.7, 'BJ': 0.3}",2,0.6108643020548935
4414273310,2023-08-24T12:50:19,2023,Québec,Clavulinopsis fusiformis,Clavulinopsis,Clavariaceae,https://www.inaturalist.org/observations/183005204,31J,"-449046,15+291632,53",D,1AY,30.0,2,F,,,,,F,95.0,VIN,"{'ES': 0.8, 'BJ': 0.2}",2,0.5004024235381879
4407209191,2023-09-03T14:30:08,2023,Québec,Clavulinopsis fusiformis,Clavulinopsis,Clavariaceae,https://www.inaturalist.org/observations/181636188,31J,"-425936,46+243564,04",D,1A,30.0,1,F,,,,,F,65.0,VIN,"{'ES': 0.6, 'EO': 0.2, 'BP': 0.1, 'FT': 0.1}",4,1.0888999753452235
4400058069,2023-08-14T17:12:30,2023,Québec,Clavulinopsis fusiformis,Clavulinopsis,Clavariaceae,https://www.inaturalist.org/observations/178518107,31J,"-475215,58+270965,49",F,R,10.0,3,F,,,,,F,75.0,JIN,"{'EO': 0.3, 'BP': 0.2, 'PE': 0.2, 'FT': 0.1, 'EU': 0.1, 'SE': 0.1}",6,1.6957425341696346
3988462584,2022-09-30T15:32:43,2022,Québec,Clavulinopsis fusiformis,Clavulinopsis,Clavariaceae,https://www.inaturalist.org/observations/137062383,31J,"-471495,12+266795,74",D,1AY,30.0,1,F,,,,,F,55.0,VIN,"{'BJ': 0.4, 'ES': 0.4, 'EO': 0.1, 'RX': 0.1}",4,1.193549604098133
3343748387,2020-08-16T12:44,2020,Québec,Clavulinopsis fusiformis,Clavulinopsis,Clavariaceae,https://www.inaturalist.org/observations/56680319,31J,"-462130,53+273675,08",D,1A,30.0,1,F,,,,,F,85.0,VIN,"{'ES': 0.7, 'BJ': 0.2, 'EO': 0.1}",3,0.8018185525433372
2862379584,2020-09-03T14:07:01,2020,Québec,Clavulinopsis fusiformis,Clavulinopsis,Clavariaceae,https://www.inaturalist.org/observations/58499817,31J,"-473423,77+264863,57",D,1AY,30.0,2,F,,,,,F,85.0,VIN,"{'ES': 0.3, 'BJ': 0.2, 'EO': 0.2, 'PE': 0.1, 'PU': 0.1, 'SB': 0.1}",6,1.6957425341696346
2856683389,2020-08-26T19:50:43Z,2020,Québec,Clavulinopsis fusiformis,Clavulinopsis,Clavariaceae,https://www.inaturalist.org/observations/57668810,31J,"-537974,09+327663,60",D,1AY,30.0,2,F,,,,,F,75.0,VIN,"{'ES': 0.7, 'BJ': 0.2, 'EO': 0.1}",3,0.8018185525433372
1914200079,2018-09-15T13:54:12,2018,Québec,Clavulinopsis fusiformis,Clavulinopsis,Clavariaceae,https://www.inaturalist.org/observations/16611097,31J,"-458416,64+290152,21",B,2BE,30.0,3,M,,,,,MR,95.0,30,"{'SB': 0.6, 'EU': 0.1, 'BJ': 0.1, 'BP': 0.1, 'FN': 0.1}",5,1.2275294114572126
2883105312,2020-09-09,2020,Québec,Clavulinopsis fusiformis,Clavulinopsis,Clavariaceae,https://www.inaturalist.org/observations/61714449,31K,"-581308,65+274194,70",A,4GS,40.0,6,M,P,,,,MR,,10,{},0,-0.0
